seller_id,total_orders,total_revenue,avg_review_score,late_delivery_rate,avg_delivery_days,late_delivery_rate_pct
001cca7ae9ae17fb1caed9dfb1094831,234,24487.03,3.965367965367965,0.05555555555555555,12.628205128205128,5.555555555555555
002100f778ceb8431b7a1020ff7ab48f,54,1216.6,4.037037037037037,0.16666666666666666,15.777777777777779,16.666666666666664
004c9cd9d87a3c30c522c48c4fc07416,168,19569.73,4.132530120481928,0.07738095238095238,13.958333333333334,7.738095238095238
00720abe85ba0859807595bbf045a33b,26,1007.5,3.6538461538461537,0.07692307692307693,8.153846153846153,7.6923076923076925
00ee68308b45bc5e2660cd833c3f81cc,172,20260.0,4.3274853801169595,0.08139534883720931,8.732558139534884,8.13953488372093
00fc707aaaad2d31347cf883cd2dfe10,135,12684.9,3.8059701492537314,0.044444444444444446,15.348148148148148,4.444444444444445
013900e863eace745d3ec7614cab5b1a,26,1619.7,4.730769230769231,0.0,11.038461538461538,0.0
0176f73cc1195f367f7b32db1e5b3aa8,38,4643.2,4.052631578947368,0.10526315789473684,12.947368421052632,10.526315789473683
01cf7e3d21494c41fb86034f2e714fa1,65,9439.56,4.1875,0.046153846153846156,11.076923076923077,4.615384615384616
01fd077212124329bac32490e8ef80d9,39,1208.0,4.3076923076923075,0.02564102564102564,7.666666666666667,2.564102564102564
01fdefa7697d26ad920e9e0346d4bd1b,130,14802.53,4.372093023255814,0.06153846153846154,10.276923076923078,6.153846153846154
0241d4d5d36f10f80c644447315af0bd,246,31397.7,4.302040816326531,0.056910569105691054,10.463414634146341,5.691056910569105
02ecc2a19303f05e59ce133fd923fff7,24,5264.19,4.541666666666667,0.0,10.375,0.0
02f5837340d7eb4f653d676c7256523a,30,3883.05,4.833333333333333,0.03333333333333333,9.166666666666666,3.3333333333333335
02f623a8eb246f3c5f7c2f96462654e6,44,6378.0,4.558139534883721,0.09090909090909091,8.068181818181818,9.090909090909092
04308b1ee57b6625f47df1d56f00eedf,92,58991.8,3.9456521739130435,0.11956521739130435,18.42391304347826,11.956521739130435
0432ead42b6c8a0bdf68154add917fdf,87,7574.400000000001,4.551724137931035,0.034482758620689655,8.333333333333334,3.4482758620689653
048c2757535328e0d7dac690ad3c0aae,50,9065.08,4.244897959183674,0.14,18.04,14.000000000000002
04e38a233f726ef161074ab1c9b0399a,24,991.6,4.166666666666667,0.125,11.083333333333334,12.5
0509040ea3fe50071181bbc359eb7738,96,3689.35,4.494736842105263,0.0625,10.979166666666666,6.25
054694fa03fe82cec4b7551487331d74,21,8286.1,3.2857142857142856,0.2857142857142857,29.714285714285715,28.57142857142857
056b4ada5bbc2c50cc7842547dda6b51,65,12203.400000000001,4.15625,0.1076923076923077,12.307692307692308,10.76923076923077
058fd0aa2bfdb2274e05e1ae971dabb6,63,7549.9,4.365079365079365,0.07936507936507936,9.777777777777779,7.936507936507936
05d2173d43ea568aa0540eba70d2ca76,66,5759.66,4.0,0.06060606060606061,14.257575757575758,6.0606060606060606
05f51e13da97139648b8125c31e5f51b,60,13100.31,4.25,0.15,11.916666666666666,15.0
05ff92fedb5be47920fea08e501238b9,60,21235.98,4.283333333333333,0.05,11.783333333333333,5.0
062ce95fa2ad4dfaedfc79260130565f,59,7479.1,4.016949152542373,0.03389830508474576,12.745762711864407,3.389830508474576
06579cb253ecd5a3a12a9e6eb6bf8f47,70,4587.400000000001,3.842857142857143,0.15714285714285714,10.485714285714286,15.714285714285714
066a6914e1ebf3ea95a216c73a986b91,72,8956.380000000001,3.9722222222222223,0.041666666666666664,13.63888888888889,4.166666666666666
0691148aee60ca47977c187804f935ae,53,5868.51,3.981132075471698,0.03773584905660377,12.584905660377359,3.7735849056603774
06a2c3af7b3aee5d69171b0e14f0ee87,402,36097.979999999996,4.022784810126582,0.236318407960199,17.271144278606965,23.6318407960199
06df0c10d34e459d9672bc77388742eb,30,9070.0,4.366666666666666,0.1,9.2,10.0
06e5eefc71ec47ae763c5c6f8db7064f,93,21648.670000000002,3.956043956043956,0.021505376344086023,10.53763440860215,2.1505376344086025
070d165398b553f3b4b851c216b8a358,38,3333.17,3.5405405405405403,0.13157894736842105,10.631578947368421,13.157894736842104
0725b8c0f3f906e58f70cbe76b7c748c,36,2161.52,3.7777777777777777,0.19444444444444445,11.222222222222221,19.444444444444446
07bf9669d84d1f11be443a9dd938f698,24,1776.0,3.25,0.0,8.291666666666666,0.0
080102cd0a76b09e0dcf55fcacc60e05,128,5612.65,4.53125,0.0390625,9.296875,3.90625
080199a181c46c657dc5aa235411be3b,83,14504.2,4.609756097560975,0.024096385542168676,7.626506024096385,2.4096385542168677
082e0bf4cb865a6533b1e8e498cc0255,23,2073.3,3.3043478260869565,0.13043478260869565,12.73913043478261,13.043478260869565
08633c14ef2db992c11f840f04fad4cd,97,7644.3,4.237113402061856,0.061855670103092786,9.721649484536082,6.185567010309279
0885aaf116795758dfeb5f1032487bcd,29,2573.1000000000004,4.241379310344827,0.034482758620689655,5.241379310344827,3.4482758620689653
08d2d642cf72b622b14dde1d2f5eb2f5,20,909.0,4.45,0.15,14.45,15.0
093805f8f2aeb63881444571e1f48f30,27,1215.79,3.814814814814815,0.037037037037037035,7.7407407407407405,3.7037037037037033
09f952a5f58d2285b0372551ae8f9b01,56,11821.5,3.875,0.05357142857142857,12.660714285714286,5.357142857142857
0adac9fbd9a2b63cccaac4f8756c1ca8,134,15557.6,4.007462686567164,0.05223880597014925,12.343283582089553,5.223880597014925
0afccdb8a34ee5c79f7c06faf2b4d56e,24,1185.6,4.086956521739131,0.08333333333333333,12.958333333333334,8.333333333333332
0b35c634521043bf4b47e21547b99ab5,77,13235.65,3.526315789473684,0.11688311688311688,16.92207792207792,11.688311688311687
0b90b6df587eb83608a64ea8b390cf07,209,28492.76,4.014423076923077,0.03349282296650718,14.004784688995215,3.349282296650718
0bae85eb84b9fb3bd773911e89288d54,145,7433.5599999999995,4.227586206896552,0.006896551724137931,9.786206896551723,0.6896551724137931
0bb738e4d789e63e2267697c42d35a2d,30,2308.4,4.633333333333334,0.03333333333333333,11.482758620689655,3.3333333333333335
0be8ff43f22e456b4e0371b2245e4d01,175,11336.0,3.9657142857142857,0.06285714285714286,9.851428571428572,6.2857142857142865
0bf0150d5b9d60d9cd2906003332f085,62,5774.6,3.711864406779661,0.1935483870967742,13.612903225806452,19.35483870967742
0c7533c71df861ec58ad7ff999ed0e8d,73,2989.2999999999997,4.082191780821918,0.0410958904109589,10.150684931506849,4.10958904109589
0c8380b62e38e8a1e6adbeba7eb9688c,218,17228.99,4.060185185185185,0.05045871559633028,12.059633027522937,5.045871559633028
0cbcee27c791afa0cdcb08587a2013a8,39,5054.15,4.0,0.10256410256410256,12.461538461538462,10.256410256410255
0d33a55da925bbf1ff02af5f6059fc7f,24,547.3,4.5,0.041666666666666664,8.375,4.166666666666666
0d85bbda9889ce1f7e63778d24f346eb,58,4845.2,4.211538461538462,0.1896551724137931,17.79310344827586,18.96551724137931
0db783cfcd3b73998abc6e10e59a102f,137,9077.4,4.213235294117647,0.0364963503649635,11.197080291970803,3.64963503649635
0dd184061fb0eaa7ca37932c68ab91c5,193,18446.92,3.953125,0.09844559585492228,10.813471502590673,9.844559585492227
0df3984f9dfb3d49ac6366acbd3bbb85,88,9891.49,4.340909090909091,0.011363636363636364,9.136363636363637,1.1363636363636365
0ea22c1cfbdc755f86b9b54b39c16043,265,10592.1,4.337164750957855,0.01509433962264151,10.50943396226415,1.509433962264151
0ebd97a106433a45a4aebe57c1799778,32,3046.8,4.5,0.0,8.75,0.0
0ed6ce5d87fd9c69eaacaeb778d67235,42,2026.52,4.390243902439025,0.14285714285714285,15.547619047619047,14.285714285714285
0ef83d7d83ed97cd2a0049ac8be5f88a,55,4421.01,4.2407407407407405,0.01818181818181818,9.236363636363636,1.8181818181818181
0ffa40d54288e4f3499b8780dd0f144f,35,2162.8,4.4,0.14285714285714285,13.085714285714285,14.285714285714285
10076e5788b8ee532724bcd460baf762,26,821.48,4.615384615384615,0.038461538461538464,9.384615384615385,3.8461538461538463
1025f0e2d44d7041d6cf58b6550e0bfa,1420,138208.56,3.8792613636363638,0.09225352112676057,11.569014084507042,9.225352112676056
1127b7f2594683f2510f1c2c834a486b,128,6669.7,4.1796875,0.0625,9.7421875,6.25
11305281b50fff20ae8bb473f8e11876,40,6528.7,4.35,0.125,13.55,12.5
113e3a788b935f48aad63e1c41dac1bd,48,847.35,4.404255319148936,0.041666666666666664,11.604166666666666,4.166666666666666
116ccb1a1604bc88e4d234a8c23f33de,73,2004.89,4.602739726027397,0.0547945205479452,8.315068493150685,5.47945205479452
11bfa66332777660bd0640ee84d47006,102,3925.87,3.764705882352941,0.17647058823529413,15.72549019607843,17.647058823529413
128639473a139ac0f3e5f5ade55873a5,554,11795.849999999999,4.202554744525547,0.0631768953068592,13.96028880866426,6.31768953068592
12b9676b00f60f3b700e83af21824c0e,133,26376.0,4.5227272727272725,0.015037593984962405,14.631578947368421,1.5037593984962405
1336efc61c316ddf92c899eb817f7cae,85,4837.31,3.9411764705882355,0.09411764705882353,11.211764705882352,9.411764705882353
1354d51653f645349064725ed204e85e,20,2410.0,3.75,0.05,8.7,5.0
138dbe45fc62f1e244378131a6801526,58,1125.56,3.9827586206896552,0.034482758620689655,5.879310344827586,3.4482758620689653
13d058e4eeac2ce8217660b2f8a05812,22,3739.78,4.181818181818182,0.13636363636363635,10.818181818181818,13.636363636363635
1430239a858e7682bbc43b20758af153,22,633.99,4.0,0.0,6.863636363636363,0.0
1464afc72f696af775557a821c2e253f,30,1059.36,4.166666666666667,0.03333333333333333,10.8,3.3333333333333335
14a08204d03bb6b6bde8029f801ae0eb,38,2185.4,3.8157894736842106,0.0,8.263157894736842,0.0
14d7985702e72162bbf13b6beb74ab2b,38,3887.0,4.342105263157895,0.13157894736842105,10.578947368421053,13.157894736842104
1554a68530182680ad5c8b042c3ab563,267,28979.64,4.2679245283018865,0.07116104868913857,13.576779026217228,7.116104868913857
157c3e4b42f81ac4a44e8b1ca2fe9876,31,2548.5,3.967741935483871,0.06451612903225806,9.935483870967742,6.451612903225806
15aac934c58d886785ac1b17953ea898,26,4353.9,4.115384615384615,0.15384615384615385,15.153846153846153,15.384615384615385
16090f2ca825584b5a147ab24aa30c86,406,25579.16,4.07196029776675,0.10837438423645321,8.753694581280788,10.83743842364532
165fc07beebdcb6190fba8a06db2a449,64,17481.4,3.6875,0.125,13.1875,12.5
17306570e772e7718c92a562d33f5f1d,30,8640.0,3.7666666666666666,0.06666666666666667,13.5,6.666666666666667
1771297ac436903d1dd6b0e9279aa505,36,2881.27,4.628571428571429,0.027777777777777776,8.972222222222221,2.7777777777777777
17a053fcb14bd219540cbde0df490be0,148,40353.24,4.226027397260274,0.08108108108108109,11.56081081081081,8.108108108108109
17ca9b9e9b9ef8fdb529001b49ebb50f,128,9649.86,4.03125,0.0234375,7.6015625,2.34375
17e34d8224d27a541263c4c64b11a56b,260,54440.28,4.2015503875969,0.08076923076923077,13.523076923076923,8.076923076923077
17f51e7198701186712e53a39c564617,61,48019.0,4.344262295081967,0.08196721311475409,22.21311475409836,8.19672131147541
1835b56ce799e6a4dc4eddc053f04066,551,33005.32,3.620183486238532,0.10526315789473684,12.330308529945553,10.526315789473683
1838dd9b8977065acf51d95e0053ea7a,65,2750.5,4.338461538461538,0.046153846153846156,12.138461538461538,4.615384615384616
18a349e75d307f4b4cc646a691ed4216,128,7425.21,3.5196850393700787,0.0546875,10.6796875,5.46875
18e694e0e48ed6f7aa3f24aade5fd697,34,701.54,4.676470588235294,0.029411764705882353,5.470588235294118,2.941176470588235
1900267e848ceeba8fa32d80c1a5f5a8,523,24639.57,3.8737864077669903,0.0994263862332696,12.35564053537285,9.94263862332696
198c7ea11960a9844b544d9bcdca860c,25,1733.75,3.88,0.12,14.0,12.0
1a3df491d1c4f1589fc2b934ada68bf2,171,22472.4,4.239766081871345,0.05263157894736842,14.526315789473685,5.263157894736842
1a932caad4f9d804097d7f8e615baed1,30,4661.0,3.566666666666667,0.13333333333333333,8.466666666666667,13.333333333333334
1b4c3a6f53068f0b6944d2d005c9fc89,115,14420.5,4.140350877192983,0.06086956521739131,13.808695652173913,6.086956521739131
1b8356dabde1d35e17cef975c3f82730,60,3366.4,4.133333333333334,0.016666666666666666,9.7,1.6666666666666667
1b938a7ec6ac5061a66a3766e0e75f90,31,3859.8,4.451612903225806,0.03225806451612903,10.96774193548387,3.225806451612903
1bb2bdb95f4841f1bba2c0d2cd83d3c9,83,4905.76,4.573170731707317,0.07228915662650602,11.891566265060241,7.228915662650602
1c129092bf23f28a5930387c980c0dfc,219,9528.619999999999,4.18348623853211,0.0502283105022831,11.127853881278538,5.0228310502283104
1c40343cc5d18c2d8248ac2f3366de34,22,2461.41,4.545454545454546,0.09090909090909091,6.863636363636363,9.090909090909092
1c68394e931a64f90ea236c5ea590300,171,24832.75,3.9239766081871346,0.03508771929824561,15.35672514619883,3.508771929824561
1ca7077d890b907f89be8c954a02686a,127,12474.64,2.2698412698412698,0.1968503937007874,14.511811023622048,19.68503937007874
1caf283236cd69af44cbc09a0a1e7d32,37,917.6,4.54054054054054,0.10810810810810811,13.594594594594595,10.81081081081081
1ce3ae5a399804d1a87e706f8a813c3e,44,2563.0,3.727272727272727,0.09090909090909091,13.340909090909092,9.090909090909092
1d4587203296c8f4ad134dc286fa6db0,41,2287.5,4.365853658536586,0.04878048780487805,9.121951219512194,4.878048780487805
1d8dbc4f32378d715c717c1c1fc57bae,97,11205.99,3.9263157894736844,0.09278350515463918,15.051546391752577,9.278350515463918
1da366cade6d8276e7d8beea7af5d4bf,48,6348.589999999999,3.978723404255319,0.125,16.979166666666668,12.5
1da3aeb70d7989d1e6d9b0e887f97c23,324,8691.56,4.080495356037152,0.04938271604938271,7.8734567901234565,4.938271604938271
1dc2de47ee26a0a5b12dc14fd6dc0dea,27,1670.3,4.518518518518518,0.1111111111111111,14.296296296296296,11.11111111111111
1dfe5347016252a7884b694d4f10f5c4,26,1632.5,3.1923076923076925,0.23076923076923078,19.03846153846154,23.076923076923077
1e8b33f18b4f7598d87f5cbee2282cc2,139,17233.56,4.306569343065694,0.04316546762589928,7.359712230215828,4.316546762589928
1eade46fba20122dc4aefb379f8c636b,75,3635.37,4.306666666666667,0.13333333333333333,11.52,13.333333333333334
1f1bb1f0859883505541bdd6606193e5,29,16040.84,4.310344827586207,0.10344827586206896,13.758620689655173,10.344827586206897
1f50f920176fa81dab994f9023523100,1926,106655.70999999999,3.991136600625652,0.09449636552440291,15.106957424714434,9.44963655244029
1f9ab4708f3056ede07124aad39a2554,77,13312.93,4.105263157894737,0.05194805194805195,14.051948051948052,5.194805194805195
1fe5540d7c1c37a595fefbacd5570d9e,25,4537.6,4.28,0.04,11.6,4.0
2089a6d640999f9b9141ac719b2af596,41,7676.02,3.926829268292683,0.14634146341463414,19.024390243902438,14.634146341463413
20cb7c2fde3e5bf10f0bbe7394e1c6a9,50,844.9999999999999,3.9,0.1,11.52,10.0
20d83f3ef0e6925fd74bfd59170babf7,54,2903.6,4.351851851851852,0.037037037037037035,8.092592592592593,3.7037037037037033
2138ccb85b11a4ec1e37afbd1c8eda1f,419,12089.22,3.916267942583732,0.05489260143198091,10.742243436754176,5.4892601431980905
213b25e6f54661939f11710a6fddb871,190,15105.95,3.823529411764706,0.11052631578947368,14.784210526315789,11.052631578947368
2156f2671501a81034d7d07f217609d0,21,2909.5,4.0,0.14285714285714285,14.761904761904763,14.285714285714285
218d46b86c1881d022bce9c68a7d4b15,420,53710.3,4.1746411483253585,0.09047619047619047,13.314285714285715,9.047619047619047
2199e7fe213c16213bf5d6a7eadc9a5d,30,3767.29,4.4,0.03333333333333333,10.633333333333333,3.3333333333333335
229c3efbfb0ea2058de4ccdfbc3d784a,145,15479.0,3.6433566433566433,0.020689655172413793,10.386206896551725,2.0689655172413794
232a6014e7b10cba61c6c2b2ea6bb4b0,35,3819.9700000000003,4.085714285714285,0.05714285714285714,13.114285714285714,5.714285714285714
23613d49c3ac2bd302259e55c06c050c,79,4193.1,3.6923076923076925,0.13924050632911392,13.417721518987342,13.924050632911392
238fac594e170b59c6d228f5a4f4f1d9,30,3126.0,3.9655172413793105,0.13333333333333333,11.966666666666667,13.333333333333334
23a0ffca143a15b9b5bbdb7d552f626a,24,3718.51,3.9583333333333335,0.125,10.708333333333334,12.5
23c38debaffe4a25a30fdbd9b586a13f,46,5382.18,4.304347826086956,0.15217391304347827,11.152173913043478,15.217391304347828
23d7c96d4a1160db1c726b248601b25a,52,10658.24,3.92,0.11538461538461539,12.826923076923077,11.538461538461538
240b9776d844d37535668549a396af32,35,13332.09,4.3428571428571425,0.05714285714285714,10.971428571428572,5.714285714285714
244c2f1bff6afe1f2eaf9bfe9b2aed38,27,2580.0,4.0,0.14814814814814814,14.962962962962964,14.814814814814813
2528513dd95219a6013d4d05176e391a,166,32660.2,3.96319018404908,0.05421686746987952,10.114457831325302,5.421686746987952
259f7b5e6e482c230e5bfaa670b6bb8f,162,8393.14,4.267080745341615,0.018518518518518517,8.123456790123457,1.8518518518518516
25c5c91f63607446a97b143d2d535d31,266,54208.78,3.7433962264150944,0.06015037593984962,13.556390977443609,6.015037593984962
25cf099de44674fde97473224f9d59ab,50,1654.36,4.326530612244898,0.04,8.88,4.0
25e6ffe976bd75618accfe16cefcbd0d,115,11552.62,4.417391304347826,0.05217391304347826,9.417391304347825,5.217391304347826
26d8a1c7c75d513045798992ead43aa2,36,5937.13,4.333333333333333,0.08333333333333333,12.0,8.333333333333332
2709af9587499e95e803a6498a5a56e9,46,1180.56,2.6,0.5,11.934782608695652,50.0
271c58a1d139c45eaf3316107c6d3a3b,27,3597.63,4.185185185185185,0.07407407407407407,12.666666666666666,7.4074074074074066
272f092de69afedd4d2969440b37f18f,39,1846.3300000000002,4.054054054054054,0.0,8.897435897435898,0.0
2745f798279e0ed033addcc1474776d7,32,3668.53,3.967741935483871,0.09375,12.9375,9.375
276677b5d08786d5dce7c2149dcce48b,45,3424.2,3.888888888888889,0.06666666666666667,10.666666666666666,6.666666666666667
282f23a9769b2690c5dda22e316f9941,109,6464.28,4.330275229357798,0.045871559633027525,10.73394495412844,4.587155963302752
289cdb325fb7e7f891c38608bf9e0962,125,13410.55,4.592,0.016,6.192,1.6
28f10b1c5e5abb9d4857745bede6147c,28,835.0,4.0,0.21428571428571427,7.178571428571429,21.428571428571427
2a1348e9addc1af5aaa619b1a3679d6b,51,2697.4,3.04,0.29411764705882354,26.784313725490197,29.411764705882355
2a261b5b644fa05f4f2700eb93544f2c,82,5355.0,3.341463414634146,0.21951219512195122,14.036585365853659,21.951219512195124
2a5b78b41cd05baeac8df54c6606b92c,56,15554.28,4.303571428571429,0.017857142857142856,8.892857142857142,1.7857142857142856
2a61c271b1ac763450d846849783e922,22,1486.77,3.6818181818181817,0.13636363636363635,19.363636363636363,13.636363636363635
2a6fbeaa7ab9e5d59a35841a8da71ce4,30,1632.79,3.9310344827586206,0.06666666666666667,13.9,6.666666666666667
2a7dc43cecabf23403078e2188437d1d,54,4795.91,4.092592592592593,0.07407407407407407,12.518518518518519,7.4074074074074066
2a84855fd20af891be03bc5924d2b453,159,14989.0,4.360759493670886,0.031446540880503145,8.081761006289309,3.1446540880503147
2b1a40c1daabc6ca280c4b815c101841,33,12342.6,3.787878787878788,0.030303030303030304,13.363636363636363,3.0303030303030303
2b3e4a2a3ea8e01938cabda2a3e5cc79,54,23629.15,4.388888888888889,0.0,8.12962962962963,0.0
2bf6a2c1e71bbd29a4ad64e6d3c3629f,31,50628.9,4.193548387096774,0.0967741935483871,12.774193548387096,9.67741935483871
2c9e548be18521d1c43cde1c582c6de8,171,6013.56,3.9523809523809526,0.1695906432748538,13.309941520467836,16.95906432748538
2d50d6282f8aa2257819a77bfaa0efe0,43,3008.48,3.744186046511628,0.13953488372093023,13.30232558139535,13.953488372093023
2dee2ce60de9709b1a24083217181a1f,55,7784.5,4.363636363636363,0.03636363636363636,13.963636363636363,3.6363636363636362
2e13c71026e1a39ba5cc1b86dcb679aa,28,3793.0,4.25,0.07142857142857142,9.714285714285714,7.142857142857142
2e1a7d075abe038c1b2743005fe42ff1,22,1366.8,3.8181818181818183,0.2727272727272727,14.363636363636363,27.27272727272727
2e1c9f22be269ef4643f826c9e650a52,167,12170.24,4.234939759036145,0.0658682634730539,9.293413173652695,6.58682634730539
2e90cb1677d35cfe24eef47d441b7c87,137,13894.710000000001,4.036496350364963,0.12408759124087591,11.64963503649635,12.408759124087592
2eb70248d66e0e3ef83659f71b244378,197,38990.72,2.804123711340206,0.14213197969543148,17.507614213197968,14.213197969543149
2ff97219cb8622eaf3cd89b7d9c09824,94,4339.1,4.553191489361702,0.06382978723404255,8.329787234042554,6.382978723404255
3078096983cf766a32a06257648502d1,61,7910.84,4.295081967213115,0.04918032786885246,11.62295081967213,4.918032786885246
30829ded4523ab9224b93bc49a62c95f,31,6911.71,3.5806451612903225,0.03225806451612903,10.129032258064516,3.225806451612903
30a2f535bb48308f991d0b9ad4a8c4bb,87,4731.3,4.252873563218391,0.034482758620689655,7.9655172413793105,3.4482758620689653
30a81d8cf85fb2ada1b1b094c9583a95,20,1245.42,4.85,0.0,3.65,0.0
31344c16881c08a8a72c6d2eb29918c1,42,9365.8,4.428571428571429,0.047619047619047616,15.238095238095237,4.761904761904762
31561f325664a8a7aba4c8d0c3a9b3db,38,2702.19,4.578947368421052,0.02631578947368421,6.7894736842105265,2.631578947368421
318f287a62ab7ac10b703ac37435a231,61,2432.48,3.918032786885246,0.11475409836065574,11.721311475409836,11.475409836065573
31da954dc0855f2495c6310f70a2f931,30,4583.0,4.233333333333333,0.1,7.666666666666667,10.0
323ce52b5b81df2cd804b017b7f09aa7,29,2374.3,4.428571428571429,0.1724137931034483,16.655172413793103,17.24137931034483
325f3178fb58e2a9778334621eecdbf9,46,981.6999999999999,4.456521739130435,0.0,5.717391304347826,0.0
32b8764b4ef628b53608fc34011fcc13,38,8884.0,4.2368421052631575,0.07894736842105263,10.868421052631579,7.894736842105263
3340ef1913fb70d28420f6ceb685c339,42,6731.15,4.333333333333333,0.09523809523809523,15.0,9.523809523809524
334cab711dee080b079fa5779b584783,26,1069.7,4.961538461538462,0.0,6.423076923076923,0.0
33576ec5412fb5905d876f12f33bfde6,32,2718.0,4.125,0.03125,14.1875,3.125
3361277dc30b7cccdb0c286b24219756,42,3905.05,4.214285714285714,0.11904761904761904,13.357142857142858,11.904761904761903
33a17d60c64393351ebf1ef860f4e0f2,47,8152.4800000000005,4.617021276595745,0.02127659574468085,10.127659574468085,2.127659574468085
33a6f4b1e7cdc205511e76ba1b6e0186,126,10295.01,4.357142857142857,0.015873015873015872,8.087301587301587,1.5873015873015872
33ac3e28642ab8bda860a2f693000e78,35,3661.03,4.228571428571429,0.0,8.17142857142857,0.0
33c51922b6e3c16b24a8f28e5833c99d,20,6657.87,4.277777777777778,0.05,14.25,5.0
34056b8b55c1775a22af2331670a799c,77,6398.7,4.038961038961039,0.11688311688311688,12.493506493506494,11.688311688311687
343e716476e3748b069f980efbaa294e,24,922.5999999999999,4.0,0.041666666666666664,15.347826086956522,4.166666666666666
3481aa57cd91f9f9d3fa1fa12d9a3bf7,25,1773.03,3.88,0.0,9.76,0.0
34d1ca11b242c0fee2c834ae8d788566,41,13422.24,4.3,0.0,12.634146341463415,0.0
3504c0cb71d7fa48d967e0e4c94d59d9,53,2349.94,4.415094339622642,0.0,6.943396226415095,0.0
3586b8580d9c917874e053a1bb37b5ff,43,1524.7,4.441860465116279,0.046511627906976744,13.674418604651162,4.651162790697675
36a968b544695394e4e9d7572688598f,156,6864.47,3.730769230769231,0.04487179487179487,10.237179487179487,4.487179487179487
373ee4a3a775a733770ca3f790b8b9ac,22,2141.49,4.0,0.09090909090909091,10.090909090909092,9.090909090909092
37515688008a7a40ac93e3b2e4ab203f,239,5954.1,4.0928270042194095,0.100418410041841,14.631799163179917,10.0418410041841
376a891762bbdecbc02b4b6adec3fdda,58,6406.23,4.672413793103448,0.034482758620689655,11.706896551724139,3.4482758620689653
3771c85bac139d2344864ede5d9341e3,30,1433.3,3.566666666666667,0.16666666666666666,12.3,16.666666666666664
3785b653b1b82de85ab47dd139938091,24,1552.0,4.75,0.0,10.958333333333334,0.0
37be5a7c751166fbc5f8ccba4119e043,278,54735.55,4.32,0.025179856115107913,10.16906474820144,2.5179856115107913
381c83fdca332ea6afd896da20bf6e4a,46,7355.8,4.391304347826087,0.043478260869565216,12.26086956521739,4.3478260869565215
382229d1e840115ffe3dbf5ff460e417,48,4037.06,4.3125,0.10416666666666667,8.520833333333334,10.416666666666668
38e679b9e0064cd94c6f035707344dae,28,3644.15,4.148148148148148,0.03571428571428571,10.75,3.571428571428571
391fc6631aebcf3004804e51b40bcf1e,605,39475.3,3.973333333333333,0.09586776859504133,13.8,9.586776859504132
39d54ff918774174706fb065d7f9dc07,24,1554.69,3.9166666666666665,0.125,14.666666666666666,12.5
3a734b715d333a2588a3d54a0c9b8746,21,2121.52,4.666666666666667,0.047619047619047616,11.19047619047619,4.761904761904762
3ab971ce71839580d2ae5b4e40fe8044,37,4917.0,3.888888888888889,0.08108108108108109,6.351351351351352,8.108108108108109
3ade81dab5a172b88e1871c28ae05260,30,5383.6,4.241379310344827,0.13333333333333333,13.2,13.333333333333334
3b15288545f8928d3e65a8f949a28291,118,13764.82,3.948717948717949,0.06779661016949153,13.796610169491526,6.779661016949152
3b872fd4747f01cc56206f2934198618,27,2726.7400000000002,3.888888888888889,0.14814814814814814,14.0,14.814814814814813
3bb548e3cb7f70f28e3f11ee9dce0e59,53,7690.02,3.981132075471698,0.0,10.245283018867925,0.0
3bdff180c7e1f6551a643b99c265a120,58,3008.2000000000003,4.175438596491228,0.06896551724137931,9.827586206896552,6.896551724137931
3be634553519fb6536a03e1358e9fdc7,95,5231.02,3.9894736842105263,0.08421052631578947,9.326315789473684,8.421052631578947
3c03b12bab54d8b37d79d914bfdb1aa0,43,4236.34,3.880952380952381,0.16279069767441862,13.279069767441861,16.27906976744186
3c487ae8f8d7542beff5788e2e0aea83,33,9385.699999999999,3.909090909090909,0.030303030303030304,13.090909090909092,3.0303030303030303
3c4e0452bff7a2a788179488d3d77032,36,3746.4,3.742857142857143,0.027777777777777776,13.11111111111111,2.7777777777777777
3c7c4a49ec3c6550809089c6a2ca9370,158,4002.75,3.7341772151898733,0.08227848101265822,9.348101265822784,8.227848101265822
3d5d0dc7073a299e31fa718ce1bc00b6,22,674.8,4.2727272727272725,0.13636363636363635,7.863636363636363,13.636363636363635
3d871de0142ce09b7081e2b9d1733cb1,1131,93407.4,4.150134048257373,0.0592396109637489,12.956675508399647,5.92396109637489
3d8fa2f5b647373c8620330c4e077a9f,47,3501.74,4.186046511627907,0.02127659574468085,8.872340425531915,2.127659574468085
3db66a856d18a9cba7c9241fc5221c50,97,9478.300000000001,4.185567010309279,0.1134020618556701,15.360824742268042,11.34020618556701
3dbbce181edfaa4a597ec858c382d2ec,20,848.3,4.35,0.1,13.8,10.0
3df020b72d3d44b3af9d110fa3940b65,101,5039.9,3.9504950495049505,0.1188118811881188,12.346534653465346,11.881188118811881
3f3486b61f45078d4f31ee5e43d8c5bb,39,3769.73,4.333333333333333,0.15384615384615385,13.461538461538462,15.384615384615385
3f995f07c49d0d55a99d5c54957f7d81,43,3955.7,4.209302325581396,0.023255813953488372,9.116279069767442,2.3255813953488373
3fd1e727ba94cfe122d165e176ce7967,36,2747.4,3.9722222222222223,0.19444444444444445,15.166666666666666,19.444444444444446
406822777a0b9eb5c50e442dd4cd3ec5,46,3548.09,4.355555555555555,0.13043478260869565,13.130434782608695,13.043478260869565
40d54b51e962dbe09cabbcfd33298dee,31,6785.5599999999995,3.903225806451613,0.0,6.709677419354839,0.0
411f3b52d857390502ee4e4d5ceabc2d,30,1804.01,4.2592592592592595,0.2,8.2,20.0
412a4720f3e9431b4afa1476a1acddbe,22,2058.1,4.2727272727272725,0.045454545454545456,10.090909090909092,4.545454545454546
41b39e28db005d9731d9d485a83b4c38,223,16306.75,4.2690582959641254,0.05829596412556054,12.0,5.829596412556054
41c2bad7229b0c25e6becf179ebf63ff,23,782.0,4.956521739130435,0.0,4.304347826086956,0.0
41da412d33e8da4f22baf55cb1bde82c,21,862.9,4.714285714285714,0.0,8.80952380952381,0.0
4200ddf1967c5e41e48db62bc6d4b5ac,42,734.8,4.243243243243243,0.023809523809523808,8.571428571428571,2.380952380952381
42b729f859728f5079499127a9c2ef37,131,4096.96,4.364341085271318,0.09923664122137404,7.458015267175573,9.923664122137405
42bde9fef835393bb8a8849cb6b7f245,39,7574.0,4.282051282051282,0.02564102564102564,9.41025641025641,2.564102564102564
42ef3192a9ff87a22d1867b74b3ee205,23,1354.0900000000001,4.6521739130434785,0.0,8.91304347826087,0.0
42fa4ee7240e9b8eb4576358ec142ba7,22,3845.7,4.809523809523809,0.0,6.454545454545454,0.0
430315b7bb4b6e4b3c978f9dfa9b0558,20,2864.4,4.0,0.05,14.0,5.0
431af27f296bc6519d890aa5a05fdb11,124,12974.6,3.796747967479675,0.1532258064516129,16.483870967741936,15.32258064516129
432c37c9dfba871172ec162e20118b8c,55,2679.87,4.290909090909091,0.14545454545454545,15.145454545454545,14.545454545454545
4371b634e0efc0e22b09b52907d9d469,111,8168.0,4.4363636363636365,0.07207207207207207,10.315315315315315,7.207207207207207
43f8c9950d11ecd03a0304a49e010da6,41,4249.59,4.560975609756097,0.07317073170731707,11.0,7.317073170731707
44073f8b7e41514de3b7815dd0237f4f,151,18380.64,3.7466666666666666,0.046357615894039736,12.741721854304636,4.635761589403973
440dd6ab244315c632130ecfb63827b1,92,13089.0,3.891304347826087,0.13043478260869565,16.22826086956522,13.043478260869565
4559697a8f7e637227c2eeaed843baff,39,3486.3,4.205128205128205,0.07692307692307693,12.461538461538462,7.6923076923076925
45ba18c210d42734ec52c0c1c574e9ee,38,5099.44,4.052631578947368,0.05263157894736842,6.684210526315789,5.263157894736842
45d33f715e24d15a6ccf5c17b3a23e3c,58,4518.49,4.172413793103448,0.06896551724137931,10.96551724137931,6.896551724137931
46dc3b2cc0980fb8ec44634e21d2718e,523,122811.38,4.263565891472868,0.06309751434034416,11.323135755258127,6.309751434034416
4736e9d642ef4257cd7622516931eb51,20,1078.8700000000001,4.15,0.0,4.5,0.0
48162d548f5b1b11b9d29d1e01f75a61,89,20109.39,3.8202247191011236,0.02247191011235955,10.764044943820224,2.247191011235955
4830e40640734fc1c52cd21127c341d4,212,9490.5,4.183962264150943,0.0660377358490566,9.523584905660377,6.60377358490566
48436dade18ac8b2bce089ec2a041202,147,11821.11,4.129251700680272,0.06802721088435375,13.72108843537415,6.802721088435375
4869f7a5dfa277a7dca6462dcf3b52b2,1148,226987.93,4.139473684210526,0.11585365853658537,14.54965156794425,11.585365853658537
48efc9d94a9834137efd9ea76b065a38,34,345.6,5.0,0.0,10.588235294117647,0.0
49067458c68f7701fd334ce326accbe0,37,1047.6499999999999,3.324324324324324,0.08108108108108109,11.64864864864865,8.108108108108109
4917cee8d902e13428c3ec4b1ca6f315,31,5103.9,4.161290322580645,0.03225806451612903,17.612903225806452,3.225806451612903
4992e76a42cb3aad7a7047e0d3d7e729,73,2171.2,3.8767123287671232,0.0684931506849315,7.8493150684931505,6.8493150684931505
4a1f694197d05fe70026b016a7316b41,23,907.77,4.391304347826087,0.043478260869565216,10.478260869565217,4.3478260869565215
4a3ca9315b744ce9f8e9374361493884,1949,196882.12,3.831344058121432,0.10979989738327348,13.93945613134941,10.979989738327347
4a3ccda38b2129705f3fb522db62ca31,73,16169.09,3.7945205479452055,0.0958904109589041,12.835616438356164,9.58904109589041
4aba391bc3b88717ce08eb11e44937b2,28,7286.88,4.0,0.14285714285714285,16.464285714285715,14.285714285714285
4b0fdb526525f9890eb145bf1534640e,20,2419.0,3.95,0.0,8.3,0.0
4b5f66b7adcf57f1ecc0d3c07dd6b177,38,6381.78,4.081081081081081,0.02631578947368421,13.157894736842104,2.631578947368421
4b9750c8ad28220fe6702d4ecb7c898f,221,15815.4,4.352941176470588,0.07692307692307693,8.950226244343892,7.6923076923076925
4bf2f4ee540798a61f9636d12cd9cc80,30,4995.56,4.166666666666667,0.03333333333333333,13.133333333333333,3.3333333333333335
4bfc7a4a1cf8d4d2121c27422d9e50b5,40,8124.4,4.225,0.025,7.525,2.5
4c03b9dd4c11ee2cb35c96c49efc9420,48,6458.6,4.1063829787234045,0.020833333333333332,10.020833333333334,2.083333333333333
4c18691b6037662be2df78a765d98ab5,67,3195.52,3.8358208955223883,0.07462686567164178,8.761194029850746,7.462686567164178
4c2b230173bb36f9b240f2b8ac11786e,343,14474.57,3.75811209439528,0.09037900874635568,12.379008746355685,9.037900874635568
4c498c7345e89aebad651544829beca0,47,4570.27,4.276595744680851,0.1276595744680851,10.319148936170214,12.76595744680851
4c8b8048e33af2bf94f2eb547746a916,23,1882.45,3.4782608695652173,0.13043478260869565,18.608695652173914,13.043478260869565
4d6d651bd7684af3fffabd5f08d12e5a,389,42999.0,4.201030927835052,0.04627249357326478,12.609254498714654,4.627249357326478
4da0e408c99d2fdc2126dc9fce518060,54,3026.0,4.444444444444445,0.0,8.666666666666666,0.0
4e06067cc08b3f41d837768d392c3ee3,46,941.72,4.173913043478261,0.043478260869565216,9.347826086956522,4.3478260869565215
4e17c65a516f69d023a2ae78b84f28d6,74,7639.26,4.081081081081081,0.10810810810810811,14.391891891891891,10.81081081081081
4e5725ba188db8252977a4f0227bd462,24,1865.09,3.5416666666666665,0.2916666666666667,20.25,29.166666666666668
4e7c18b98d84e05cbae3ff0ff03846c2,88,9038.9,4.183908045977011,0.045454545454545456,11.579545454545455,4.545454545454546
4e922959ae960d389249c378d1c939f5,446,45338.42,3.9027149321266967,0.10762331838565023,14.147982062780269,10.762331838565023
4ebdc7e6cd6102a022dadc49156d4ea8,32,928.6999999999999,3.75,0.03125,9.71875,3.125
5011f0d93373a4c5753adf58ca77af8d,21,859.52,3.6666666666666665,0.19047619047619047,14.666666666666666,19.047619047619047
503c1de08ae81a2d86f17951b204db55,22,4906.99,4.409090909090909,0.09090909090909091,13.045454545454545,9.090909090909092
5058e8c1e82653974541e83690655b4a,77,9812.83,3.08,0.12987012987012986,25.935064935064936,12.987012987012985
50c9975695009e5e6473912e83a6d1da,68,3964.4,3.985074626865672,0.10294117647058823,14.647058823529411,10.294117647058822
5160d23075764e18e07c1f4a87fad743,38,2359.0,4.447368421052632,0.02631578947368421,8.921052631578947,2.631578947368421
516e7738bd8f735ac19a010ee5450d8d,82,6463.19,4.609756097560975,0.04878048780487805,8.317073170731707,4.878048780487805
520b493b57809f446cb0a233bb3e25c7,73,3698.9,4.383561643835616,0.0273972602739726,6.8493150684931505,2.73972602739726
522620dcb18a6b31cd7bdf73665113a9,178,56690.49,3.914285714285714,0.10112359550561797,14.730337078651685,10.112359550561797
527801b552d0077ffd170872eb49683b,92,17942.8,4.483516483516484,0.09782608695652174,12.521739130434783,9.782608695652174
52d76513f0c4d97f3b99570e2c94ee31,28,8153.1,3.88,0.03571428571428571,11.357142857142858,3.571428571428571
52f0fe436a347ddad7ed5f9aa4e27eaa,21,1452.49,3.4761904761904763,0.14285714285714285,13.428571428571429,14.285714285714285
52f9db5cfb423382a2fa5c9e39303202,22,1218.78,4.318181818181818,0.0,9.681818181818182,0.0
530ec6109d11eaaf87999465c6afee01,101,12682.11,4.316831683168317,0.009900990099009901,10.306930693069306,0.9900990099009901
53243585a1d6dc2643021fd1853d8905,400,217940.44,4.128140703517588,0.04,12.94,4.0
5343d0649eca2a983820bfe93fc4d17e,110,9819.02,3.638888888888889,0.09090909090909091,10.809090909090909,9.090909090909092
537eb890efff034a88679788b647c564,171,4617.9,4.181286549707602,0.05847953216374269,8.67251461988304,5.847953216374268
53e4c6e0f4312d4d2107a8c9cddf45cd,512,29587.77,4.080392156862745,0.052734375,11.57421875,5.2734375
542917da124346b47ea1ac79a93ce454,20,1303.9,4.15,0.05,11.1,5.0
54965bbe3e4f07ae045b90b0b8541f52,81,10351.7,3.0657894736842106,0.32098765432098764,26.234567901234566,32.098765432098766
54a1852d1b8f10312c55e906355666ee,202,17056.46,4.3681592039801,0.09900990099009901,11.074257425742575,9.900990099009901
55a5b51f93f2b70ea513f5a047b0262a,41,4002.3,4.487804878048781,0.07317073170731707,13.268292682926829,7.317073170731707
55d3daac7c404d59e51c2aa2f4dc5a23,28,4480.6,3.9285714285714284,0.0,8.357142857142858,0.0
55f7a3319d80f7fdf078b8f03e6725fe,22,3013.78,3.772727272727273,0.09090909090909091,6.318181818181818,9.090909090909092
562fc2f2c2863ab7e79a9e4388a58a14,265,8659.25,4.247148288973384,0.033962264150943396,10.80377358490566,3.3962264150943398
5656537e588803a555b8eb41f07a944b,185,7931.26,3.8216216216216217,0.07567567567567568,10.989189189189188,7.567567567567568
56642bcb79900e777d68e91915cb4267,56,3657.64,3.767857142857143,0.16071428571428573,13.839285714285714,16.071428571428573
5670f4db5b62c43d542e1b2d56b0cf7c,22,6630.09,4.409090909090909,0.045454545454545456,8.090909090909092,4.545454545454546
575df70bde3f9f2b30bf8d2e9910d725,34,5410.05,4.117647058823529,0.058823529411764705,12.794117647058824,5.88235294117647
57c764b4a836300be881e2ff86e449f9,29,1156.1000000000001,4.25,0.13793103448275862,15.068965517241379,13.793103448275861
57e632711dec9ec14ca7546769483e7e,65,6350.06,4.446153846153846,0.0,10.323076923076924,0.0
582d4f8675b945722eda7c0cb61ba4c7,71,4702.96,4.112676056338028,0.014084507042253521,10.126760563380282,1.4084507042253522
58f1a6197ed863543e0136bdedb3fce2,45,6833.0,4.155555555555556,0.022222222222222223,9.883720930232558,2.2222222222222223
594f9aaa48e5bf431f011ddc5669b0d5,38,3248.8,4.578947368421052,0.02631578947368421,7.552631578947368,2.631578947368421
59b22a78efb79a4797979612b885db36,133,27184.5,3.9696969696969697,0.12781954887218044,12.045112781954888,12.781954887218044
59fb871bf6f4522a87ba567b42dafecf,125,21178.600000000002,4.256,0.064,11.56,6.4
5a8e7d5003a1f221f9e1d6e411de7c23,179,11042.1,4.189944134078212,0.061452513966480445,10.016759776536313,6.145251396648044
5a93f3ab0ef4c84ed5e1b5dbf23978bc,43,2299.2799999999997,4.813953488372093,0.023255813953488372,14.674418604651162,2.3255813953488373
5b179e9e8cc7ab6fd113a46ca584da81,36,5173.5,3.5142857142857142,0.08333333333333333,12.194444444444445,8.333333333333332
5b664594895aefb418afaee6d40a9a23,22,1008.8,3.6363636363636362,0.0,10.045454545454545,0.0
5b67882648febfb6e1225e6ad7164f6b,30,6813.4800000000005,4.033333333333333,0.03333333333333333,11.766666666666667,3.3333333333333335
5b8154610ebb21fb90eb587365e673df,40,9048.05,4.175,0.15,12.75,15.0
5b925e1d006e9476d738aa200751b73b,63,7748.5,4.603174603174603,0.06349206349206349,10.46031746031746,6.349206349206349
5bc55dbe2f12b6af6d83ed46023e0dc8,21,2992.1,2.3333333333333335,0.19047619047619047,12.523809523809524,19.047619047619047
5bffbafbb22daf6d3bfc216a46db8708,23,5239.7,4.695652173913044,0.0,8.08695652173913,0.0
5c243662ce92d84573bfaff24c3e3700,100,32862.02,4.1313131313131315,0.03,10.27,3.0
5c6d4016c2a288f074fa0848a2b653d2,34,3100.0,4.205882352941177,0.08823529411764706,10.676470588235293,8.823529411764707
5c853bb56f70f4d14218944bae111d7a,24,263.13,4.041666666666667,0.0,8.125,0.0
5cbbd5a299cab112b7bf23862255e43e,38,2726.06,4.315789473684211,0.0,10.342105263157896,0.0
5cf13accae3222c70a9cac40818ae839,155,14293.300000000001,4.461038961038961,0.03225806451612903,10.148387096774194,3.225806451612903
5d0363b33554b373851fc1622e4d5f3c,94,6548.79,4.085106382978723,0.0851063829787234,12.340425531914894,8.51063829787234
5d3bb11474a06bdc23fb9e89f1164ee0,32,3654.6,3.9375,0.03125,9.34375,3.125
5dceca129747e92ff8ef7a997dc4f8ca,343,111126.73,4.017699115044247,0.05830903790087463,10.769679300291545,5.830903790087463
5debea795b07621e1f90532e18f96145,33,1883.78,4.2727272727272725,0.0,9.818181818181818,0.0
5f1dc28029d2c244352a68107ec2b542,78,2807.3,4.428571428571429,0.07692307692307693,8.85897435897436,7.6923076923076925
5f2684dab12e59f83bef73ae57724e45,73,8870.970000000001,3.7534246575342465,0.0547945205479452,9.849315068493151,5.47945205479452
5f3ae9136c875522250f8184f253413a,45,1143.05,4.5777777777777775,0.06666666666666667,7.2,6.666666666666667
5f5b43b2bffa8656e4bc6efeb13cc649,29,3677.2,4.448275862068965,0.034482758620689655,13.517241379310345,3.4482758620689653
602044f2c16190c2c6e45eb35c2e21cb,55,3559.17,2.962962962962963,0.23636363636363636,15.345454545454546,23.636363636363637
6039e27294dc75811c0d8a39069f52c0,74,13500.8,3.864864864864865,0.25675675675675674,17.472972972972972,25.675675675675674
6061155addc1e54b4cfb51c1c2a32ad8,33,15633.4,4.696969696969697,0.030303030303030304,5.393939393939394,3.0303030303030303
609e1a9a6c2539919b8205cf7c4e6ff0,130,6595.23,3.598360655737705,0.023076923076923078,9.892307692307693,2.307692307692308
612170e34b97004b3ba37eae81836b4c,110,23065.02,4.427272727272728,0.01818181818181818,10.49090909090909,1.8181818181818181
620c87c171fb2a6dd6e8bb4dec959fc6,778,112461.5,4.26797385620915,0.09511568123393316,12.447300771208226,9.511568123393316
624f4ece8da4aafb77699233d480f8ef,54,9046.0,4.185185185185185,0.07407407407407407,13.018518518518519,7.4074074074074066
6288c69c4ce638e59925e59193f98b16,20,4196.8,4.25,0.05,9.05,5.0
6338ea67c41078a46ad99cc009654956,44,2286.09,4.609756097560975,0.0,12.659090909090908,0.0
634964b17796e64304cadf1ad3050fb7,323,39114.1,3.873065015479876,0.09597523219814241,14.077399380804954,9.597523219814242
638cba8be1fb599bbb76fd6948351eb3,22,535.4,4.7272727272727275,0.0,8.136363636363637,0.0
63b464dbf392c7b80d12d932fa7cafed,38,6622.0,3.763157894736842,0.05263157894736842,12.81578947368421,5.263157894736842
640e21a7d01df7614a3b4923e990d40c,136,7528.89,4.286764705882353,0.0661764705882353,9.992647058823529,6.61764705882353
6426d21aca402a131fc0a5d0960a3c90,23,1209.64,4.173913043478261,0.043478260869565216,10.434782608695652,4.3478260869565215
643214e62b870443ccbe55ab29a4dccf,66,3229.23,4.409090909090909,0.13636363636363635,9.045454545454545,13.636363636363635
6481e96574816ead57975da2c0f6d80d,43,3324.9,4.1395348837209305,0.023255813953488372,6.767441860465116,2.3255813953488373
6560211a19b47992c3666cc44a7e94c0,1996,120702.83,3.950985346134411,0.06212424849699399,9.058617234468938,6.212424849699398
6562efe88ce0826a4ca4f189f03b4b84,20,1076.0,4.15,0.1,15.2,10.0
65b081a070633e057c462abdd6fb9dd8,20,1885.09,4.35,0.0,11.25,0.0
65febd49fd28ec955651299159b1f527,38,4136.71,4.342105263157895,0.05263157894736842,6.605263157894737,5.263157894736842
66922902710d126a0e7d26b0e3805106,155,14267.3,4.474025974025974,0.07096774193548387,10.961290322580645,7.096774193548387
669ae81880e08f269a64487cfb287169,185,13133.87,4.1521739130434785,0.03783783783783784,11.497297297297298,3.783783783783784
66dc1b1632bd6a3e508510c5b3492107,41,3542.19,3.4878048780487805,0.024390243902439025,10.0,2.4390243902439024
66e0557ecc2b4dbea057e93f215f68d8,30,12141.0,4.033333333333333,0.26666666666666666,31.3,26.666666666666668
66fd84ee7528c0c0de85d0f44a73d5ab,21,1438.11,2.9047619047619047,0.047619047619047616,14.285714285714286,4.761904761904762
670c26e0f1bf8d0576271d5cfaec6d2b,86,6250.1,4.348837209302325,0.046511627906976744,13.255813953488373,4.651162790697675
671585f5a2af58b6e276bc01003c0d2b,27,1244.0,4.703703703703703,0.0,5.148148148148148,0.0
679769a98cfcc6da877c8486ff1c13f3,21,7029.0,4.571428571428571,0.0,9.095238095238095,0.0
67bf6941ba2f1fa1d02c375766bc3e53,20,5062.0,4.3,0.1,11.45,10.0
681fce914360217db47784ae28905a96,24,4127.33,3.869565217391304,0.125,12.333333333333334,12.5
6860153b69cc696d5dcfe1cdaaafcf62,84,3827.63,4.156626506024097,0.08333333333333333,9.773809523809524,8.333333333333332
688756f717c462a206ad854c5027a64a,99,5837.67,3.7916666666666665,0.09090909090909091,10.353535353535353,9.090909090909092
6973a06f484aacf400ece213dbf3d946,108,10418.72,3.7009345794392523,0.16666666666666666,14.592592592592593,16.666666666666664
6a0cbc8af2e8abd1bdfb777943d174c6,34,3788.15,4.03030303030303,0.08823529411764706,15.117647058823529,8.823529411764707
6a38087bc8ad4f89ff453561005f6dea,22,1833.43,4.409090909090909,0.0,11.636363636363637,0.0
6a51fc556dab5f766ced6fbc860bc613,31,7217.87,4.129032258064516,0.06451612903225806,14.709677419354838,6.451612903225806
6a8a889bde935bafa76d7848782dfaf9,30,860.8199999999999,3.933333333333333,0.06666666666666667,7.166666666666667,6.666666666666667
6a8b085f816a1f75f92dbac6eb545f8f,133,5884.17,4.18796992481203,0.09022556390977443,13.962406015037594,9.022556390977442
6aa3928696eab49a19a466e665a649fd,22,2075.0,4.545454545454546,0.045454545454545456,7.681818181818182,4.545454545454546
6b15924333bd1a741595fe981ea04822,21,614.3199999999999,4.666666666666667,0.09523809523809523,7.285714285714286,9.523809523809524
6b243f80ed07b10f0e8aa0f21a205f3c,89,6260.1,4.022471910112359,0.033707865168539325,10.561797752808989,3.3707865168539324
6b3bd31ad8fcda4b2635ec9f3ff2ecdf,42,4063.9,3.9285714285714284,0.09523809523809523,12.380952380952381,9.523809523809524
6b536a23086fba0d58c08d68814397f6,22,1996.8,4.045454545454546,0.09090909090909091,13.681818181818182,9.090909090909092
6b90f847357d8981edd79a1eb1bf0acb,47,3322.08,4.361702127659575,0.0425531914893617,5.0212765957446805,4.25531914893617
6c177e38df6d3f34182b1f1d427231bf,54,8112.89,4.148148148148148,0.037037037037037035,13.87037037037037,3.7037037037037033
6c7d50c24b3ccd2fd83b44d8bb34e073,126,8445.960000000001,4.44,0.015873015873015872,11.634920634920634,1.5873015873015872
6cd68b3ed6d59aaa9fece558ad360c0a,157,11188.57,4.445859872611465,0.01910828025477707,9.961783439490446,1.910828025477707
6d66611d7c44cc30ce351abc49a68421,174,13428.6,3.9302325581395348,0.06896551724137931,11.632183908045977,6.896551724137931
6d803cb79cc31c41c4c789a75933b3c7,66,8711.4,4.287878787878788,0.06060606060606061,12.469696969696969,6.0606060606060606
6d988d6174a2c27441597174f8905515,23,371.73,4.260869565217392,0.08695652173913043,18.82608695652174,8.695652173913043
6df688df543f90e9b38f4319e75a9d88,55,1891.76,4.509090909090909,0.0,7.7272727272727275,0.0
6e386f64c84e482f0b9abf960797ee1b,29,12209.3,4.607142857142857,0.10344827586206896,9.862068965517242,10.344827586206897
6ec1a01e866584bb679eb9b098345919,31,3998.91,4.241379310344827,0.22580645161290322,14.290322580645162,22.58064516129032
6edacfd9f9074789dad6d62ba7950b9c,216,12966.4,4.3842592592592595,0.05555555555555555,8.550925925925926,5.555555555555555
6f892e20a171e98efe17fdb971ff319b,50,6049.0,3.8979591836734695,0.08,16.34,8.0
6fc26fe110feebd80a433e1f012a84f9,72,4150.87,4.014705882352941,0.06944444444444445,10.958333333333334,6.944444444444445
6fd52c528dcb38be2eea044946b811f8,84,7743.0199999999995,3.5,0.10714285714285714,20.642857142857142,10.714285714285714
7008613ea464bad5cb9b83456e1e6a8f,152,7538.7,4.291390728476821,0.039473684210526314,13.631578947368421,3.9473684210526314
701938c450705b8ae65fc923b70f35c7,111,11879.289999999999,3.7545454545454544,0.05405405405405406,11.963963963963964,5.405405405405405
7040e82f899a04d1b434b795a43b4617,223,9213.7,3.5863636363636364,0.08968609865470852,9.802690582959642,8.968609865470851
709e16e2b25c7474d980076c6bfc4806,80,5151.9,4.525,0.025,10.0125,2.5
70a12e78e608ac31179aea7f8422044b,323,29963.53,3.794392523364486,0.10835913312693499,14.235294117647058,10.8359133126935
70c27847eca8195c983ed7e798c56743,98,12077.52,4.204081632653061,0.09183673469387756,10.408163265306122,9.183673469387756
70eea00b476a314817cefde4aad4f89a,112,31424.75,4.378378378378378,0.07142857142857142,12.875,7.142857142857142
71039d19d4303bf9054d69e9a9236699,38,3537.2,3.6842105263157894,0.2631578947368421,12.921052631578947,26.31578947368421
710e3548e02bc1d2831dfc4f1b5b14d4,137,22369.25,3.463235294117647,0.043795620437956206,13.83941605839416,4.37956204379562
712e6ed8aa4aa1fa65dab41fed5737e4,85,39385.0,3.4642857142857144,0.21176470588235294,23.388235294117646,21.176470588235293
7139dc5186aa238b006e066d8fbab2e4,24,1712.0,4.086956521739131,0.125,13.708333333333334,12.5
7142540dd4c91e2237acb7e911c4eba2,328,37181.94,4.067484662576687,0.07926829268292683,14.271341463414634,7.926829268292683
715bbd5ba4e6b74cb0d2f29eb45058b0,64,4043.3,4.46875,0.078125,11.5,7.8125
7178f9f4dd81dcef02f62acdf8151e01,215,36795.4,4.046728971962617,0.046511627906976744,15.162790697674419,4.651162790697675
718539d38d07dd351c76db862760e2e2,43,1273.01,4.488372093023256,0.0,7.534883720930233,0.0
7202e2ba20579a9bd1acb29e61fe71f6,53,12085.699999999999,3.9423076923076925,0.05660377358490566,12.754716981132075,5.660377358490567
725c32fa80c2faacc4fc88450d27314e,93,7838.88,4.538461538461538,0.010752688172043012,9.096774193548388,1.0752688172043012
7299e27ed73d2ad986de7f7c77d919fa,358,34107.44,4.430167597765363,0.04748603351955307,10.810055865921788,4.748603351955307
729b2d09b2a0bdab221076327f13d050,60,1805.21,4.583333333333333,0.06666666666666667,11.783333333333333,6.666666666666667
729f06993dac8e860d4f02d7088ca48a,113,19885.18,4.330357142857143,0.09734513274336283,10.336283185840708,9.734513274336283
72c5da29406b4234927b81855e7b64f6,31,11798.69,4.129032258064516,0.03225806451612903,10.258064516129032,3.225806451612903
730937bf88cb151eb2eb849f642fc213,26,2821.2,4.423076923076923,0.038461538461538464,6.730769230769231,3.8461538461538463
73a63f72308aa20a46f4b1632018f196,35,7640.8,4.323529411764706,0.0,10.857142857142858,0.0
744dac408745240a2c2528fb1b6028f3,83,22322.6,4.554216867469879,0.012048192771084338,10.662650602409638,1.2048192771084338
750303a20e9c56b2a6bc45cdce0b897d,56,7876.0,4.339285714285714,0.03571428571428571,13.160714285714286,3.571428571428571
751bdc4d83a466c7206cd42e8f426b03,68,6520.96,3.712121212121212,0.014705882352941176,10.661764705882353,1.4705882352941175
75d34ebb1bd0bd7dde40dd507b8169c3,67,12656.33,3.985074626865672,0.14925373134328357,15.582089552238806,14.925373134328357
75fbb52eda0cbc24f479d3b2fbfa8d3e,41,1094.19,4.487804878048781,0.04878048780487805,13.463414634146341,4.878048780487805
7681ef142fd2c19048da7430856b5588,76,31211.81,4.162162162162162,0.11842105263157894,9.881578947368421,11.842105263157894
76d5af76d0271110f9af36c92573f765,155,31944.6,4.097402597402597,0.08387096774193549,11.04516129032258,8.38709677419355
76d64c4aca3a7baf218bf93ef7fa768d,69,16911.8,4.115942028985507,0.028985507246376812,10.231884057971014,2.898550724637681
7722b1df1b0e383e000397b2c11e3e19,144,7046.6,4.223776223776224,0.027777777777777776,8.13888888888889,2.7777777777777777
77530e9772f57a62c906e1c21538ab82,381,45676.6,4.081364829396326,0.11548556430446194,14.608923884514436,11.548556430446194
77a515caa36327151d1cc6c32a9f00e1,26,2217.39,4.423076923076923,0.11538461538461539,9.884615384615385,11.538461538461538
784ba75dd9d20200c4caed3d7a77141a,22,8142.33,3.8636363636363638,0.09090909090909091,12.909090909090908,9.090909090909092
78c99c6dff4eeae5be99bf635ed21e3f,39,2030.88,4.333333333333333,0.1282051282051282,13.564102564102564,12.82051282051282
7901646fdd36a55f564ffaf2dbccaaf7,27,11857.08,4.444444444444445,0.14814814814814814,9.37037037037037,14.814814814814813
79ebd9a61bac3eaf882805ed4ecfa12a,140,14783.09,4.007142857142857,0.05714285714285714,14.82857142857143,5.714285714285714
79ed755314cfe6df0daef2c6cd3022cd,25,3907.5,4.695652173913044,0.0,8.8,0.0
7a241947449cc45dbfda4f9d0798d9d0,66,7434.66,3.7846153846153845,0.06060606060606061,12.212121212121213,6.0606060606060606
7a67c85e85bb2ce8582c35f2203ad736,1155,139658.69,4.269398430688753,0.05887445887445888,10.692640692640692,5.887445887445888
7aa4334be125fcdd2ba64b3180029f14,237,16012.949999999999,4.080508474576271,0.1350210970464135,15.514767932489452,13.502109704641349
7ad32824caee82087b3e2e5f33b1bf32,180,22018.1,3.785310734463277,0.12777777777777777,11.0,12.777777777777777
7ade73f1b9b4e965f9009a4c3a7e2c15,27,1835.3000000000002,4.777777777777778,0.0,9.11111111111111,0.0
7b07b3c7487f0ea825fc6df75abd658b,96,9259.47,4.395833333333333,0.041666666666666664,9.03125,4.166666666666666
7b0df942f46435babab05d49b744b2c4,32,22600.63,4.387096774193548,0.09375,10.625,9.375
7b1222c3624aa89b9558b50a2594188c,22,10103.52,4.454545454545454,0.13636363636363635,17.272727272727273,13.636363636363635
7c5b05cbdb5542049f38d90d7815b97d,23,993.97,4.565217391304348,0.043478260869565216,7.3478260869565215,4.3478260869565215
7c67e1448b00f6e969d365cea6b010ab,1355,186570.05,3.3511507052709724,0.0959409594095941,21.945387453874538,9.59409594095941
7d13fca15225358621be4086e1eb0964,571,112436.18000000001,4.017605633802817,0.1190893169877408,15.22416812609457,11.908931698774081
7d456afc660226829370f3173d14520c,89,8118.25,4.258426966292135,0.056179775280898875,8.640449438202246,5.617977528089887
7d76b645482be4a332374e8223836592,183,3765.74,3.9668508287292816,0.1092896174863388,12.814207650273223,10.92896174863388
7dc8c42cc750eeafea6c85712ffee9bf,50,6409.68,4.26,0.04,8.08,4.0
7ddcbb64b5bc1ef36ca8c151f6ec77df,334,54435.66,3.97583081570997,0.08383233532934131,12.215568862275449,8.383233532934131
7e1fb0a3ebfb01ffb3a7dae98bf3238d,169,26169.53,4.155688622754491,0.13609467455621302,15.14792899408284,13.609467455621301
7e26c750b4cb9f6766f58265ff9ebe95,27,1344.3,4.407407407407407,0.0,9.0,0.0
7e3f87d16fb353f408d467e74fbd8014,93,4653.09,4.161290322580645,0.11827956989247312,12.182795698924732,11.827956989247312
7e93a43ef30c4f03f38b393420bc753a,322,165981.49,4.364485981308412,0.055900621118012424,10.832298136645962,5.590062111801243
7ea5bfa6c340f58f8e71fc1f0412b0d6,102,10838.41,4.138613861386139,0.06862745098039216,12.343137254901961,6.862745098039216
7ecd59e5e20407131822c1a68ac59c1f,29,1466.71,4.482758620689655,0.13793103448275862,17.17241379310345,13.793103448275861
7f152321c60a266edc53af1925ef96c1,20,3919.8,3.8,0.3,23.1,30.0
7f2617c58d5d06806987308b45654351,23,3656.8,3.869565217391304,0.08695652173913043,11.73913043478261,8.695652173913043
7f7b8245c336066a1f9933c359f11d77,43,2094.36,4.558139534883721,0.023255813953488372,7.395348837209302,2.3255813953488373
808d4348b916efa08e766ebad39f61eb,20,712.95,4.6,0.05,7.6,5.0
8090490573c6c0aa343a7231ebcb8c86,26,3871.1200000000003,4.1923076923076925,0.07692307692307693,9.653846153846153,7.6923076923076925
80e6699fe29150b372a0c8a1ebf7dcc8,98,11119.66,4.350515463917525,0.04081632653061224,11.03061224489796,4.081632653061225
813348c996469b40f2e028d5429d3495,195,10813.53,4.005208333333333,0.046153846153846156,9.712820512820512,4.615384615384616
8160255418d5aaa7dbdc9f4c64ebda44,424,46368.39,3.8544152744630074,0.1792452830188679,16.36556603773585,17.92452830188679
817245bcc3badd82bbd222e0366951a6,44,5345.6,4.15,0.022727272727272728,10.590909090909092,2.272727272727273
81a1104df0f08b59c68aa5b03cfe398e,72,9320.98,4.314285714285714,0.05555555555555555,12.375,5.555555555555555
81f89e42267213cb94da7ddc301651da,52,3955.0,3.5384615384615383,0.0,7.3076923076923075,0.0
821fb029fc6e495ca4f08a35d51e53a5,25,17851.62,3.5,0.36,15.96,36.0
822166ed1e47908f7cfb49946d03c726,108,3714.83,3.9245283018867925,0.009259259259259259,13.453703703703704,0.9259259259259258
827f8f69dfa529c561901c4f2e0f332f,104,3408.39,4.264705882352941,0.08653846153846154,12.73076923076923,8.653846153846153
82bd0703a4aefd6b599e5bfdaed378fb,23,2394.28,3.8260869565217392,0.043478260869565216,11.652173913043478,4.3478260869565215
82e0a475a88cc9595229d8029273f045,79,10748.02,3.4936708860759493,0.06329113924050633,14.810126582278482,6.329113924050633
834f3294fba9f932f56edc879193f925,66,39907.5,4.545454545454546,0.06060606060606061,13.878787878787879,6.0606060606060606
834f8533b2ecb6598dd004ff3de7203a,45,4324.349999999999,3.8444444444444446,0.17777777777777778,14.688888888888888,17.77777777777778
835f0f7810c76831d6c7d24c7a646d4d,48,4990.200000000001,3.3125,0.3125,18.041666666666668,31.25
83deb69e889cf80f82be1dc6d5f2d486,42,5363.01,4.357142857142857,0.047619047619047616,15.261904761904763,4.761904761904762
83e197e95a1bbabc8c75e883ed016c47,54,6574.1900000000005,4.7407407407407405,0.018518518518518517,10.092592592592593,1.8518518518518516
8444e55c1f13cd5c179851e5ca5ebd00,102,21480.96,3.156862745098039,0.10784313725490197,20.784313725490197,10.784313725490197
845e8036c3f7bf62099352f5ed910240,24,1584.6000000000001,3.8333333333333335,0.0,7.75,0.0
850913d59ce317156b00f3705f1c3edb,30,2183.0,3.5,0.16666666666666666,13.066666666666666,16.666666666666664
850f4f8af5ea87287ac68de36e29107f,191,45285.37,4.288770053475936,0.06282722513089005,9.732984293193716,6.282722513089005
855668e0971d4dfd7bef1b6a4133b41b,311,30849.22,3.8306188925081432,0.1382636655948553,15.72347266881029,13.826366559485532
8581055ce74af1daba164fdbd55a40de,427,64011.22,4.265258215962441,0.09836065573770492,12.34037558685446,9.836065573770492
85d9eb9ddc5d00ca9336a2219c97bb13,512,15107.24,4.210216110019647,0.03515625,14.267578125,3.515625
8648b1e89e9b349e32d3741b30ec737e,100,7228.75,4.12,0.1,8.79,10.0
86ccac0b835037332a596a33b6949ee1,208,15894.34,4.028985507246377,0.028846153846153848,11.413461538461538,2.8846153846153846
870d0118f7a9d85960f29ad89d5d989a,61,3157.2,4.016393442622951,0.04918032786885246,14.442622950819672,4.918032786885246
87142160b41353c4e5fca2360caf6f92,339,31095.98,4.363905325443787,0.05604719764011799,10.330383480825958,5.604719764011799
88460e8ebdecbfecb5f9601833981930,300,31320.4,3.3779264214046822,0.19666666666666666,17.81,19.666666666666664
888faa8bfb0b159c37de6d898b961c31,23,2418.2999999999997,3.869565217391304,0.0,7.869565217391305,0.0
891071be6ba827b591264c90c2ae8a63,90,3763.35,3.8555555555555556,0.16666666666666666,12.7,16.666666666666664
8931a84a914b3fe9b1ddaa4d704947ca,32,4668.3,3.774193548387097,0.15625,12.53125,15.625
897060da8b9a21f655304d50fd935913,413,21740.51,3.4743276283618583,0.12106537530266344,14.394673123486683,12.106537530266344
8a130737016f838139d31878787a39c9,62,4222.03,4.354838709677419,0.06451612903225806,9.758064516129032,6.451612903225806
8a32e327fe2c1b3511609d81aaf9f042,169,6101.12,3.940119760479042,0.05917159763313609,8.603550295857989,5.9171597633136095
8a432f4e5b471f8da497d7dc517666e2,106,7555.0,4.201923076923077,0.0660377358490566,7.452830188679245,6.60377358490566
8ab42aa58097fd4668d60cc648225d5f,26,2616.75,4.153846153846154,0.0,10.692307692307692,0.0
8ae520247981aa06bc94abddf5f46d34,65,16320.99,4.446153846153846,0.015384615384615385,10.492307692307692,1.5384615384615385
8b2492b7ff4468839593fafeed55bad9,45,3660.08,3.888888888888889,0.1111111111111111,14.622222222222222,11.11111111111111
8b28d096634035667e8263d57ba3368c,151,9025.3,3.8986486486486487,0.13245033112582782,13.874172185430464,13.245033112582782
8b321bb669392f5163d04c59e235e066,1005,17262.94,4.021978021978022,0.10248756218905472,12.172139303482586,10.248756218905472
8b9d6eec4a7eb7d0f9d579ce0b38324d,52,4159.55,4.115384615384615,0.15384615384615385,9.596153846153847,15.384615384615385
8bb48dc19fccaa8613b6229bf7f452a2,95,4190.72,4.336842105263158,0.021052631578947368,10.76842105263158,2.1052631578947367
8bd0f31cf0a614c658f6763bd02dea69,35,4455.34,4.205882352941177,0.02857142857142857,9.542857142857143,2.857142857142857
8c16d1f32a54d92897cc437244442e1b,118,5642.6,4.327586206896552,0.01694915254237288,10.508474576271187,1.694915254237288
8c5e007d7bd5693fa1386ffefbc99f6c,24,1029.11,4.166666666666667,0.0,11.5,0.0
8cbac7e12637ed9cffa18c7875207478,81,2955.98,4.185185185185185,0.04938271604938271,13.11111111111111,4.938271604938271
8cc6a0e5738e61a87b03c78b2ba9db4b,24,13272.7,4.416666666666667,0.08333333333333333,16.125,8.333333333333332
8d79c8a04e42d722a75097ce5cbcf2ef,27,2627.82,4.592592592592593,0.14814814814814814,19.11111111111111,14.814814814814813
8d956fec2e4337affcb520f56fd8cbfd,227,10988.2,4.202643171806168,0.09691629955947137,8.832599118942731,9.691629955947137
8e6cc767478edae941d9bd9eb778d77a,108,5929.35,4.028301886792453,0.07407407407407407,15.972222222222221,7.4074074074074066
8e6d7754bc7e0f22c96d255ebda59eba,129,14107.380000000001,2.9844961240310077,0.12403100775193798,13.565891472868216,12.4031007751938
8e8a7ce9f2f970dc00e2acf6f6e199f6,64,8821.0,4.03125,0.09375,11.8125,9.375
8f119a0aee85c0c8fc534629734e94fd,81,3578.88,4.246913580246914,0.06172839506172839,9.481481481481481,6.172839506172839
8f2ce03f928b567e3d56181ae20ae952,172,21213.2,4.116959064327485,0.14534883720930233,13.970930232558139,14.534883720930234
8f78f0903005064036736c7173a5c2ed,21,2113.7000000000003,3.4761904761904763,0.047619047619047616,17.952380952380953,4.761904761904762
8fdca8e349553f99bc738833a62c8802,29,989.34,4.357142857142857,0.034482758620689655,9.793103448275861,3.4482758620689653
900ba814c251a692506d7834c1218441,86,28833.03,4.226190476190476,0.13953488372093023,12.081395348837209,13.953488372093023
903037660cf848a717166eb7a06d616e,59,7935.18,3.8135593220338984,0.15254237288135594,11.101694915254237,15.254237288135593
916748bc99315c2d202898ae58b1617e,32,369.40000000000003,4.34375,0.0,9.875,0.0
916c9de0b5ad957346eeeb12f332687e,27,5336.5,4.37037037037037,0.0,7.7407407407407405,0.0
91f848e9f4be368f4318775aac733370,70,5668.61,4.367647058823529,0.02857142857142857,9.8,2.857142857142857
92eb0f42c21942b6552362b9b114707d,358,6416.41,3.957865168539326,0.07541899441340782,12.949720670391061,7.5418994413407825
93b9a99027bd8bd6af682aff18dd19bf,20,1916.0,4.157894736842105,0.0,10.9,0.0
93dc87703c046b603023e75222018b45,34,8149.35,4.15625,0.08823529411764706,19.235294117647058,8.823529411764707
94144541854e298c2d976cb893b81343,76,17286.28,4.333333333333333,0.039473684210526314,11.828947368421053,3.9473684210526314
94e93ce877be27a515118dbfd2c2be41,34,5436.58,4.03030303030303,0.0,12.794117647058824,0.0
951e8cef368f09bb3f3d03c00ca4702c,69,3993.31,4.164179104477612,0.08695652173913043,8.681159420289855,8.695652173913043
955fee9216a65b617aa5c0531780ce60,1472,131836.71,4.088235294117647,0.08084239130434782,10.298913043478262,8.084239130434783
9596c870880d900012f2e8e6e30d06d7,23,7625.35,4.173913043478261,0.043478260869565216,13.08695652173913,4.3478260869565215
95e03ca3d4146e4011985981aeb959b9,190,10865.16,4.00531914893617,0.031578947368421054,11.878947368421052,3.1578947368421053
95ec4458365c4d11f452ccf538377619,31,1866.76,4.266666666666667,0.03225806451612903,5.290322580645161,3.225806451612903
95f83f51203c626648c875dd41874c7f,65,3077.6600000000003,3.2153846153846155,0.046153846153846156,10.692307692307692,4.615384615384616
960945e1a9535cbc0cd6ddd35fbe7ae8,29,3381.73,4.655172413793103,0.0,5.586206896551724,0.0
9616352088dcf83a7c06637f4ebf1c80,97,5643.099999999999,4.268041237113402,0.0,11.969072164948454,0.0
9646c3513289980f17226a2fc4720dbd,76,2964.4,4.342105263157895,0.07894736842105263,12.06578947368421,7.894736842105263
96493fab2fbb13a14d0c0e8772eef5c3,64,18969.0,4.031746031746032,0.0625,12.890625,6.25
966cb4760537b1404caedd472cc610a5,67,45928.26,4.134328358208955,0.029850746268656716,9.522388059701493,2.9850746268656714
9674754b5a0cb32b638cec001178f799,95,4941.7300000000005,4.052631578947368,0.031578947368421054,7.589473684210526,3.1578947368421053
96804ea39d96eb908e7c3afdb671bb9e,39,3530.75,3.9743589743589745,0.02564102564102564,12.948717948717949,2.564102564102564
972d0f9cf61b499a4812cf0bfa3ad3c4,86,7910.42,2.9642857142857144,0.11627906976744186,17.75581395348837,11.627906976744185
974cf2cb8f4b7add98709c30df02fe10,30,2694.7,4.166666666666667,0.03333333333333333,10.7,3.3333333333333335
977f9f63dd360c2a32ece2f93ad6d306,24,2730.07,3.9166666666666665,0.125,12.083333333333334,12.5
98dac6635aee4995d501a3972e047414,190,4115.75,3.8882978723404253,0.04736842105263158,8.010526315789473,4.736842105263158
99002261c568a84cce14d43fcffb43ea,36,4088.0,3.7222222222222223,0.08333333333333333,16.36111111111111,8.333333333333332
994f04b3718c2bab35c2adfa8afecd2a,55,3289.8,4.327272727272727,0.07272727272727272,13.036363636363637,7.2727272727272725
99a54764c341d5dc80b4a8fac4eba3fb,66,3578.7599999999998,3.5076923076923077,0.22727272727272727,6.651515151515151,22.727272727272727
99eaacc9e6046db1c82b163c5f84869f,67,12642.28,4.014925373134329,0.1044776119402985,14.522388059701493,10.44776119402985
9add47bf45ce8e8c7db6b9cf670b1e09,43,4606.4400000000005,4.261904761904762,0.023255813953488372,11.720930232558139,2.3255813953488373
9b00ed88b7fdb95d6ff76e27c1b52d16,50,1567.88,4.58,0.06,8.5,6.0
9b013e03b2ab786505a1d3b5c0756754,220,8714.55,4.0607476635514015,0.05454545454545454,7.577272727272727,5.454545454545454
9baf5cb77970f539089d09a38bcec5c3,32,5989.68,4.4375,0.0,14.25,0.0
9bcdfa7b615b3abb9461d9e3ad9886ae,20,2126.07,4.6,0.05,10.65,5.0
9c0e69c7bf2619675bbadf47b43f655a,200,32720.4,4.116161616161616,0.095,14.73,9.5
9d4db00d65d7760644ac0c14edb5fd86,99,9845.710000000001,4.540816326530612,0.04040404040404041,7.656565656565657,4.040404040404041
9d5a9018aee56acb367ba9c3f05d1d6a,78,10119.98,4.435897435897436,0.01282051282051282,13.91025641025641,1.282051282051282
9dda5bbacd45e18d6485fee649205d09,22,1912.6000000000001,4.2272727272727275,0.09090909090909091,14.227272727272727,9.090909090909092
9de4643a8dbde634fe55621059d92273,81,17560.34,4.530864197530864,0.06172839506172839,14.444444444444445,6.172839506172839
9e6229250fedbe05838fef417b74e7fb,77,12962.300000000001,3.896103896103896,0.03896103896103896,11.324675324675324,3.896103896103896
9f505651f4a6abe901a56cdc21508025,426,25912.84,4.305687203791469,0.046948356807511735,7.741784037558685,4.694835680751173
a1043bafd471dff536d0c462352beb48,752,99309.23,4.246666666666667,0.05585106382978723,13.123670212765957,5.585106382978723
a17f621c590ea0fab3d5d883e1630ec6,78,2677.92,4.175675675675675,0.0641025641025641,11.217948717948717,6.41025641025641
a2e874074c877c5a05abae80ad6e488f,42,7355.0,4.190476190476191,0.047619047619047616,18.738095238095237,4.761904761904762
a36b125ac6d5fdbc7f50de85c9157bdc,25,1793.65,4.04,0.12,12.44,12.0
a3a38f4affed601eb87a97788c949667,260,26294.62,4.403100775193798,0.046153846153846156,11.976923076923077,4.615384615384616
a3dd39f583bc80bd8c5901c95878921e,37,4607.81,4.594594594594595,0.02702702702702703,12.18918918918919,2.7027027027027026
a3e9a2c700480d9bb01fba070ba80a0e,143,13371.8,4.035460992907802,0.0979020979020979,12.636363636363637,9.79020979020979
a3f0b55de503387383c7b1de3ad7f678,26,4348.400000000001,4.384615384615385,0.038461538461538464,10.038461538461538,3.8461538461538463
a416b6a846a11724393025641d4edd5e,176,24930.24,4.215909090909091,0.125,12.142045454545455,12.5
a420f60ff1aa9acc80d0e42959f2b313,69,7443.3,3.925373134328358,0.08695652173913043,10.884057971014492,8.695652173913043
a49928bcdf77c55c6d6e05e09a9b4ca5,104,8646.900000000001,2.9711538461538463,0.25,16.51923076923077,25.0
a5a1bfcf728ab0e19182959cf0771ee4,24,1812.96,4.291666666666667,0.08333333333333333,13.083333333333334,8.333333333333332
a5cba26a62b8b4d0145b68b841e62e7f,54,14438.84,4.574074074074074,0.018518518518518517,12.796296296296296,1.8518518518518516
a673821011d0cec28146ea42f5ab767f,141,13366.0,3.9407407407407407,0.11347517730496454,12.02127659574468,11.347517730496454
a6fe7de3d16f6149ffe280349a8535a0,51,2844.9,4.06,0.1568627450980392,14.352941176470589,15.686274509803921
a7f13822ceb966b076af67121f87b063,84,12017.69,3.4939759036144578,0.05952380952380952,21.523809523809526,5.952380952380952
a888faf2d1baececa6baf9c3d603ee1f,54,17564.8,4.111111111111111,0.14814814814814814,17.38888888888889,14.814814814814813
a938325a4b357fd23a6a4d5bb126408e,25,3231.0,3.88,0.04,12.72,4.0
aac29b1b99776be73c3049939652091d,131,6563.66,4.0,0.0916030534351145,13.938931297709924,9.16030534351145
aae3bfea055532c57fb453ed3ec80b30,50,3057.92,3.5510204081632653,0.0,11.98,0.0
aaed1309374718fdd995ee4c58c9dfcd,111,9345.45,4.045045045045045,0.02702702702702703,11.702702702702704,2.7027027027027026
aafe36600ce604f205b86b5084d3d767,131,9251.4,4.3816793893129775,0.04580152671755725,11.98473282442748,4.580152671755725
aba1721a889e04decc910aa13b768ef4,92,14103.3,4.456521739130435,0.10869565217391304,8.804347826086957,10.869565217391305
abcd2cb37d46c2c8fb1bf071c859fc5b,51,4817.32,4.313725490196078,0.0392156862745098,13.176470588235293,3.9215686274509802
abe42c5d03695b4257b5c6cbf4e6784e,49,17000.0,3.9583333333333335,0.16326530612244897,13.877551020408163,16.3265306122449
ac3508719a1d8f5b7614b798f70af136,101,12446.140000000001,4.64,0.0297029702970297,8.930693069306932,2.9702970297029703
acce39e832338debb07b02385cde5967,44,4748.1,4.4772727272727275,0.0,6.636363636363637,0.0
aced59e9b31ef866a94f9e7f29d8d418,67,7268.5,4.447761194029851,0.07462686567164178,9.208955223880597,7.462686567164178
ad420dd0c4f92f8af951ac24b86d0cf5,46,4705.29,4.159090909090909,0.06521739130434782,14.282608695652174,6.521739130434782
ad781527c93d00d89a11eecd9dcad7c1,38,6039.63,3.3421052631578947,0.3157894736842105,25.026315789473685,31.57894736842105
adbc26658d6c7b4b6219f9d934598091,92,11806.4,4.054347826086956,0.15217391304347827,16.804347826086957,15.217391304347828
adcf50477d6a1f5d91bb9d54c4903cb5,31,981.86,3.3548387096774195,0.16129032258064516,24.0,16.129032258064516
af3ef48d0e13835e529c29ac573c63e5,21,1405.63,3.761904761904762,0.047619047619047616,7.476190476190476,4.761904761904762
af4a0e4cfe1d9c26b6712b1be25a72e5,26,8757.98,3.5,0.07692307692307693,12.384615384615385,7.6923076923076925
afe0067131b73e40875c9b6c10bd2e21,45,5040.5,4.2727272727272725,0.044444444444444446,14.977777777777778,4.444444444444445
b14db04aa7881970e83ffa9426897925,105,5595.9,3.8020833333333335,0.11428571428571428,15.085714285714285,11.428571428571429
b17b679f4f5ce2e03ce6968c62648246,51,3424.18,3.9215686274509802,0.17647058823529413,18.607843137254903,17.647058823529413
b18871c324516afa228a13e8f1ef0ae9,23,1064.6,3.9565217391304346,0.08695652173913043,6.782608695652174,8.695652173913043
b18dc380845b24038cfc48006478f099,48,7753.96,4.297872340425532,0.14583333333333334,13.520833333333334,14.583333333333334
b1a81260566c1bac3114a6d124413f27,54,8684.69,4.222222222222222,0.018518518518518517,8.074074074074074,1.8518518518518516
b1ac6ea7895bc3dd6f0f6f4abbdd2821,38,2962.0,4.526315789473684,0.0,9.710526315789474,0.0
b1fc4f64df5a0e8b6913ab38803c57a9,121,7994.74,3.7815126050420167,0.11570247933884298,15.256198347107437,11.570247933884298
b1fecf4da1fa2689bccffa0121953643,20,3669.64,4.95,0.0,10.2,0.0
b2479f944e1b90cf8a5de1bbfde284d6,129,4666.53,3.3515625,0.14728682170542637,14.976744186046512,14.728682170542637
b2a6d334e2833acea353624840e25a0e,26,1650.98,4.5,0.0,10.346153846153847,0.0
b2ac621f0d0322434d04a12b078b9369,30,9575.5,4.4,0.1,14.2,10.0
b2ba3715d723d245138f291a6fe42594,350,49302.18,4.204610951008646,0.08571428571428572,13.48,8.571428571428571
b32be1695eb7ec5f10f72d9610a12527,45,26575.0,4.159090909090909,0.044444444444444446,11.911111111111111,4.444444444444445
b335c59ab742f751a85db9c411a86739,31,2494.11,3.935483870967742,0.06451612903225806,16.35483870967742,6.451612903225806
b33e7c55446eabf8fe1a42d037ac7d6d,152,44215.17,4.190789473684211,0.13157894736842105,15.967105263157896,13.157894736842104
b347677812ea483b0f528eaf8cbc09b7,21,7288.99,4.523809523809524,0.0,12.857142857142858,0.0
b372ee768ed69e46ca8cdbd267aa7a38,69,12630.0,4.405797101449275,0.0,11.971014492753623,0.0
b39d7fe263ef469605dbb32608aee0af,48,5063.2,3.7872340425531914,0.041666666666666664,12.833333333333334,4.166666666666666
b410bdd36d5db7a65dcd42b7ead933b8,42,7368.9,4.809523809523809,0.023809523809523808,8.761904761904763,2.380952380952381
b494891378bd8f4560abe576c52deacd,21,2839.0,4.714285714285714,0.09523809523809523,4.666666666666667,9.523809523809524
b499c00f28f4b7069ff6550af8c1348a,182,10162.18,4.225274725274725,0.10989010989010989,10.423076923076923,10.989010989010989
b4a476fbd28de64b1e347abf9089366a,35,4479.04,4.0,0.08571428571428572,11.342857142857143,8.571428571428571
b4f8921fcc4ff77b66bea6dda43dcd51,20,11395.05,4.6,0.05,7.1,5.0
b4ffb71f0cb1b1c3d63fad021ecf93e1,164,6635.69,4.036585365853658,0.024390243902439025,9.28048780487805,2.4390243902439024
b561927807645834b59ef0d16ba55a24,95,4501.99,4.336842105263158,0.14736842105263157,12.031578947368422,14.736842105263156
b56906f7fd1696e043f1bcce164c487b,42,2148.49,3.9523809523809526,0.047619047619047616,13.095238095238095,4.761904761904762
b64d51f0435e884e8de603b1655155ae,23,416.18,4.130434782608695,0.21739130434782608,7.565217391304348,21.73913043478261
b6d44737c043328708f6749c2dbe50bd,79,5284.6,4.569620253164557,0.05063291139240506,7.455696202531645,5.063291139240507
b74d1c09cb380e1d03a6f859c6f4224b,38,2174.61,4.2368421052631575,0.15789473684210525,11.026315789473685,15.789473684210526
b76dba6c951ab00dc4edf0a1aa88037e,167,2545.31,4.1878787878787875,0.029940119760479042,9.778443113772456,2.9940119760479043
b839e41795b7f3ad94cc2014a52f6796,36,42829.0,4.027777777777778,0.027777777777777776,6.527777777777778,2.7777777777777777
b83cedfb587e7911540e3f576d6917ce,25,2224.95,4.24,0.08,9.72,8.0
b8555308bfdb4ca1ed54325a58da9a97,28,3047.2000000000003,4.071428571428571,0.07142857142857142,9.892857142857142,7.142857142857142
b8bc237ba3788b23da09c0f1f3a3288c,47,13685.710000000001,4.3478260869565215,0.02127659574468085,11.48936170212766,2.127659574468085
b90e891671cffd9557f33a97dc523645,39,4449.0,4.128205128205129,0.0,7.102564102564102,0.0
b92e3c8f9738272ff7c59e111e108d7c,70,8231.09,4.057142857142857,0.02857142857142857,15.914285714285715,2.857142857142857
b94cc9f10ddc85e4ba73a6f7974e7101,39,25346.1,4.297297297297297,0.07692307692307693,10.102564102564102,7.6923076923076925
ba143b05f0110f0dc71ad71b4466ce92,84,5998.7,4.464285714285714,0.15476190476190477,9.892857142857142,15.476190476190476
ba90964cff9b9e0e6f32b23b82465f7b,38,44212.5,4.421052631578948,0.05263157894736842,9.631578947368421,5.263157894736842
bacb1f0ed56ad24198f5810d2b3fe9a5,38,6078.05,4.324324324324325,0.02631578947368421,9.289473684210526,2.631578947368421
bb135baca94c82fcb731335ad5b04a03,38,1049.8,2.6578947368421053,0.0,7.7105263157894735,0.0
bba74270a87732727b5a3b4fd9ac1c39,40,5964.6,3.875,0.0,8.9,0.0
bbad7e518d7af88a0897397ffdca1979,84,4426.32,3.0481927710843375,0.2261904761904762,14.785714285714286,22.61904761904762
bc2ac6b95e1accce9858528ee566c17e,22,2045.0,4.636363636363637,0.0,4.409090909090909,0.0
bc47d5d1490df2b36add65d733eafaba,22,929.8,3.5454545454545454,0.09090909090909091,12.863636363636363,9.090909090909092
bccf933e006e9b94a6184af782963e77,46,4162.74,4.533333333333333,0.021739130434782608,11.130434782608695,2.1739130434782608
bd0389da23d89b726abf911cccc54596,90,7472.16,4.2,0.07777777777777778,13.011111111111111,7.777777777777778
bd23da7354813347129d751591d1a6e2,87,9704.6,4.127906976744186,0.04597701149425287,9.379310344827585,4.597701149425287
bd4889b5e9133b35b66e42a8665cea5c,42,6271.9,4.463414634146342,0.0,9.761904761904763,0.0
bd697db56ff8e7c9cd1abeb7f72029b2,21,2869.79,4.333333333333333,0.0,10.476190476190476,0.0
beadbee30901a7f61d031b6b686095ad,68,4373.98,3.9411764705882355,0.23529411764705882,13.058823529411764,23.52941176470588
bf00385a5f7fc1ef39a13c2e9ee50a5f,28,855.4,4.428571428571429,0.0,5.428571428571429,0.0
bf100ecb7997df312b285358fb32f92c,21,1991.9,4.368421052631579,0.0,9.095238095238095,0.0
bf3c6d2a28b2b5501e6c15448982dcc9,43,3956.5,4.4186046511627906,0.023255813953488372,10.162790697674419,2.3255813953488373
bf84056e679dbe9c69929847a40e338f,38,1918.08,3.763157894736842,0.07894736842105263,11.947368421052632,7.894736842105263
bfd27a966d91cfaafdb25d076585f0da,115,19225.0,4.324561403508772,0.05217391304347826,11.904347826086957,5.217391304347826
c003204e1ab016dfa150abc119207b24,200,24904.29,4.44,0.065,9.27,6.5
c013e57c075a06e5b5c48ee03c525719,45,1971.55,4.155555555555556,0.08888888888888889,8.911111111111111,8.88888888888889
c0563dd588b775f2e37747ef6ad6c92c,28,3697.2000000000003,4.357142857142857,0.10714285714285714,10.392857142857142,10.714285714285714
c31eff8334d6b3047ed34bebd4d62c36,121,12991.61,3.875,0.14049586776859505,12.272727272727273,14.049586776859504
c33847515fa6305ce6feb1e818569f13,128,15519.85,3.71875,0.046875,9.0625,4.6875
c35672b10ad50968f567ea3f4b91e877,22,1150.57,4.454545454545454,0.045454545454545456,9.818181818181818,4.545454545454546
c3867b4666c7d76867627c2f7fb22e21,241,34666.9,4.01673640167364,0.11203319502074689,14.771784232365146,11.20331950207469
c3cfdc648177fdbbbb35635a37472c53,307,43048.18,4.447712418300654,0.02280130293159609,9.247557003257329,2.2801302931596092
c60b801f2d52c7f7f91de00870882a75,39,11296.5,3.4358974358974357,0.20512820512820512,15.512820512820513,20.51282051282051
c6381d2d013342748761e906d45aff76,28,2042.98,3.0,0.0,16.392857142857142,0.0
c66dccfb3f109511246da627dd5a2498,44,12182.55,4.568181818181818,0.045454545454545456,10.886363636363637,4.545454545454546
c68fb906c8f4b4b946d8386bfa6e5467,48,4541.16,4.51063829787234,0.020833333333333332,10.645833333333334,2.083333333333333
c6bda72e4dbf5c5866b13cb1810c6d03,59,14059.380000000001,4.389830508474576,0.03389830508474576,9.745762711864407,3.389830508474576
c70c1b0d8ca86052f45a432a38b73958,336,36289.15,4.315315315315315,0.08035714285714286,7.241071428571429,8.035714285714286
c72de06d72748d1a0dfb2125be43ba63,22,17522.0,4.454545454545454,0.0,9.136363636363637,0.0
c731d18cea9bf687ffee82a241c25b11,26,3662.0,3.96,0.0,7.076923076923077,0.0
c826c40d7b19f62a09e2d7c5e7295ee2,365,44653.04,4.09065934065934,0.09041095890410959,12.745205479452055,9.04109589041096
c8417879a15366a17c30af34c798c332,35,1734.7,4.029411764705882,0.08571428571428572,8.8,8.571428571428571
c8467937e403e76a8ee9f0ab13f6f5ef,33,1853.79,4.133333333333334,0.12121212121212122,16.21212121212121,12.121212121212121
c847e075301870dd144a116762eaff9a,42,15248.800000000001,4.195121951219512,0.09523809523809523,16.261904761904763,9.523809523809524
c864036feaab8c1659f65ea4faebe1da,58,10454.2,4.568965517241379,0.034482758620689655,11.793103448275861,3.4482758620689653
c8b0e2b0a7095e5d8219575d5e7e1181,85,12170.210000000001,4.0476190476190474,0.07058823529411765,9.670588235294117,7.0588235294117645
c8b3445d737de6befde0c88ede534a5e,36,3149.04,3.9722222222222223,0.027777777777777776,11.027777777777779,2.7777777777777777
c9aafcd0621b2207c10e32c649cada4d,47,2671.26,4.340425531914893,0.0851063829787234,8.595744680851064,8.51063829787234
c9c7905cffc4ef9ff9f113554423e671,139,10657.18,4.158273381294964,0.11510791366906475,10.56115107913669,11.510791366906476
ca3bd7cd9f149df75950150d010fe4a2,135,9253.47,3.785185185185185,0.022222222222222223,13.296296296296296,2.2222222222222223
cab85505710c7cb9b720bceb52b01cee,204,11124.6,4.3399014778325125,0.024509803921568627,9.715686274509803,2.450980392156863
cac4c8e7b1ca6252d8f20b2fc1a2e4af,82,4128.19,3.54320987654321,0.23170731707317074,19.426829268292682,23.170731707317074
cac876b37d3abcd6bd76caca30277996,33,2229.77,4.5625,0.15151515151515152,11.696969696969697,15.151515151515152
cb3dd9ce66268c7a3ca7241ac70ab58c,50,2788.32,4.2,0.06,13.36,6.0
cb8bcce248bb1fb274ba762d8b971456,67,9152.4,4.343283582089552,0.014925373134328358,12.074626865671641,1.4925373134328357
cbd996ad3c1b7dc71fd0e5f5df9087e2,189,8217.5,4.132596685082873,0.08465608465608465,12.34920634920635,8.465608465608465
cc3d14116804f7209f3884f6367f1152,30,5477.8,4.666666666666667,0.03333333333333333,12.566666666666666,3.3333333333333335
cc419e0650a3c5ba77189a1882b7556a,1719,101090.95999999999,4.141107871720116,0.05991855730075625,11.063408958696916,5.991855730075625
cc5a78bbad32776dc4e3af205218368c,38,4269.18,4.473684210526316,0.02631578947368421,7.184210526315789,2.631578947368421
cc63f0dd2acba93ffed4fe9f8e0321fa,63,7096.71,4.0476190476190474,0.0,8.555555555555555,0.0
cca3071e3e9bb7d12640c9fbe2301306,817,63035.16,3.88125,0.05385556915544676,13.746634026927785,5.385556915544676
ccc4bbb5f32a6ab2b7066a4130f114e3,189,72926.72,4.319148936170213,0.07407407407407407,15.365079365079366,7.4074074074074066
cce6ab8d1682639fe45ab70234f1665f,64,2442.7,4.53125,0.046875,14.9375,4.6875
ccf8813e5a7d6c84d865cd38bfc2b130,26,2635.5,4.384615384615385,0.07692307692307693,11.115384615384615,7.6923076923076925
cd06602b43d8800bd0afad514919d35c,52,2555.31,3.730769230769231,0.038461538461538464,11.423076923076923,3.8461538461538463
cd68562d3f44870c08922d380acae552,129,18119.7,3.90625,0.20155038759689922,16.286821705426355,20.155038759689923
cd6efc47efaabf134f8bdb654e10b4f1,32,4158.55,4.5,0.09375,8.09375,9.375
ce248b21cb2adc36282ede306b7660e5,65,13560.19,4.246153846153846,0.1076923076923077,15.184615384615384,10.76923076923077
ce27a3cc3c8cc1ea79d11e561e9bebb6,151,9465.45,4.118110236220472,0.019867549668874173,9.66225165562914,1.9867549668874174
ce616e1913288884e7742faac9d981db,22,333.3,4.636363636363637,0.045454545454545456,7.090909090909091,4.545454545454546
ce7d1888639e6fb06b2749cbfdac1ff7,84,11793.89,4.107142857142857,0.08333333333333333,13.726190476190476,8.333333333333332
cea729054f157f5870bdd321a958d994,26,2482.1,4.1923076923076925,0.038461538461538464,6.884615384615385,3.8461538461538463
ceaec5548eefc6e23e6607c5435102e7,206,51478.18,4.201970443349754,0.05825242718446602,12.451456310679612,5.825242718446602
cee48807215b30a12ca2ca10ffb5f250,40,7212.2300000000005,3.7,0.15,23.025,15.0
cfa5ab0e4d3fc212fd0b3410e7081c62,20,4780.81,3.65,0.0,13.65,0.0
cfb1a033743668a192316f3c6d1d2671,179,12609.54,4.022471910112359,0.10614525139664804,11.430167597765363,10.614525139664805
cfe94489ddd337d1e29e12f2a7205d10,24,2376.0,4.125,0.20833333333333334,7.333333333333333,20.833333333333336
d03698c2efd04a549382afa6623e27fb,21,8865.47,4.523809523809524,0.047619047619047616,15.142857142857142,4.761904761904762
d05ae8f7a5bd1d2a690a44cd079e4e27,80,13244.0,3.8227848101265822,0.0875,10.775,8.75
d12c926d74ceff0a90a21184466ce161,97,3850.2799999999997,4.134020618556701,0.010309278350515464,8.11340206185567,1.0309278350515463
d13e50eaa47b4cbe9eb81465865d8cfc,68,7073.05,4.8088235294117645,0.20588235294117646,4.573529411764706,20.588235294117645
d1b65fc7debc3361ea86b5f14c68d2e2,40,11413.17,4.65,0.05,8.625,5.0
d1c281d3ae149232351cd8c8cc885f0d,239,26833.61,3.7974683544303796,0.08786610878661087,11.94560669456067,8.786610878661087
d1ef48b38baca7e831711c4a0aeb398f,34,1439.13,4.529411764705882,0.11764705882352941,9.323529411764707,11.76470588235294
d20b021d3efdf267a402c402a48ea64b,102,3922.3,3.6930693069306932,0.17647058823529413,16.11764705882353,17.647058823529413
d23019c84ffae2d5ef2270367b8605fc,39,29205.1,4.410256410256411,0.02564102564102564,10.717948717948717,2.564102564102564
d2374cbcbb3ca4ab1086534108cc3ab7,620,20926.02,3.703099510603589,0.0532258064516129,13.80967741935484,5.32258064516129
d25aa0aaacb370e912f8cf6efeba38b3,21,2658.45,4.523809523809524,0.047619047619047616,8.523809523809524,4.761904761904762
d3674f271c91f824f82d24d92011f669,20,1718.3,4.1,0.1,13.35,10.0
d379f449f2a3b271bc01c0782020f705,29,4423.06,3.9310344827586206,0.034482758620689655,13.068965517241379,3.4482758620689653
d3f39f05462b79a4562d35893a28f159,37,2363.4,3.324324324324324,0.13513513513513514,11.756756756756756,13.513513513513514
d4e12e7884759a14fa0f5f896c791cae,32,1400.0,4.625,0.0625,7.84375,6.25
d50d79cb34e38265a8649c383dcffd48,70,13012.42,4.246376811594203,0.07142857142857142,12.628571428571428,7.142857142857142
d51e0a403fe2e689ece6c73359d96e12,25,7380.0,4.32,0.08,12.48,8.0
d566c37fa119d5e66c4e9052e83ee4ea,73,5145.7,4.71830985915493,0.0410958904109589,5.342465753424658,4.10958904109589
d57e18d5f73c7ccb7f7339b61166898d,63,3187.7,4.444444444444445,0.031746031746031744,8.666666666666666,3.1746031746031744
d5ba419e26d246a0719437cf37d9b46d,34,3911.5,3.909090909090909,0.11764705882352941,9.352941176470589,11.76470588235294
d624126b9206f595fb3fbb6ba03b28a8,28,7198.8,4.333333333333333,0.03571428571428571,9.535714285714286,3.571428571428571
d650b663c3b5f6fb392b6326366efa9a,57,18335.9,4.368421052631579,0.07017543859649122,9.31578947368421,7.017543859649122
d66c305afaec317ebee552073a674429,44,4126.59,4.568181818181818,0.022727272727272728,9.454545454545455,2.272727272727273
d673a59aac7a70d8b01e6902bf090a11,84,3908.94,3.9642857142857144,0.09523809523809523,13.321428571428571,9.523809523809524
d6b1ce66b035a475f00c017792ff9769,108,12277.4,4.165048543689321,0.07407407407407407,9.685185185185185,7.4074074074074066
d71d863e5ef30d94e440c11be17dcd8f,30,9246.9,3.5714285714285716,0.1,19.333333333333332,10.0
d8c7ba53e7e38711eaef8c2849d6d2e1,22,1190.87,4.5,0.0,7.636363636363637,0.0
d91fb3b7d041e83b64a00a3edfb37e4f,525,39926.39,4.145873320537428,0.06285714285714286,10.862857142857143,6.2857142857142865
d921b68bf747894be13a97ae52b0f386,77,15645.8,4.558441558441558,0.012987012987012988,9.493506493506494,1.2987012987012987
d93919c944be9cff128f6c9cb899eacb,33,2666.7000000000003,4.0,0.18181818181818182,22.575757575757574,18.181818181818183
d9442042130b7fe579d1295f9f4a248f,22,772.16,4.2272727272727275,0.045454545454545456,10.863636363636363,4.545454545454546
d94a40fd42351c259927028d163af842,109,13674.8,4.132075471698113,0.03669724770642202,13.238532110091743,3.669724770642202
d97df38225e5abadaff1e72cb72b823c,28,1776.0,3.925925925925926,0.17857142857142858,11.607142857142858,17.857142857142858
d98eec89afa3380e14463da2aabaea72,183,6968.53,4.2967032967032965,0.02185792349726776,8.032786885245901,2.185792349726776
d9a84e1403de8da0c3aa531d6d108ba6,58,1385.3,4.620689655172414,0.05172413793103448,7.0344827586206895,5.172413793103448
d9bd94811c3338dceb4181f3dbc0c73e,61,6911.02,4.819672131147541,0.11475409836065574,7.262295081967213,11.475409836065573
da8622b14eb17ae2831f4ac5b9dab84a,1548,159816.87,4.071984435797665,0.07299741602067183,10.698320413436692,7.299741602067184
daeb5653dd96c1b11860f72209795012,39,1864.1,4.230769230769231,0.07692307692307693,11.0,7.6923076923076925
db2956745b3a8e9f3785c99f34b5d25e,46,8261.0,3.8043478260869565,0.10869565217391304,13.978260869565217,10.869565217391305
db4350fd57ae30082dec7acbaacc17f9,145,3304.3199999999997,4.145833333333333,0.041379310344827586,10.393103448275863,4.137931034482759
dbb9b48c841a0e39e21f98e1a6b2ec3e,118,7186.85,4.203389830508475,0.0423728813559322,9.466101694915254,4.23728813559322
dbc22125167c298ef99da25668e1011f,417,32829.12,4.274038461538462,0.023980815347721823,10.93285371702638,2.3980815347721824
dbd66278cbfe1aa1000f90a217ca4695,99,4928.9,4.454545454545454,0.06060606060606061,8.606060606060606,6.0606060606060606
dc317f341ab0e22f39acbd9dbf9b4a1f,58,18988.4,4.120689655172414,0.05172413793103448,11.758620689655173,5.172413793103448
dc4a0fc896dc34b0d5bfec8438291c80,242,23655.98,3.8140495867768593,0.06611570247933884,13.293388429752065,6.6115702479338845
dc8798cbf453b7e0f98745e396cc5616,43,1733.0,3.488372093023256,0.06976744186046512,13.069767441860465,6.976744186046512
dd2bdf855a9172734fbc3744021ae9b9,110,10607.0,3.8076923076923075,0.05454545454545454,14.745454545454546,5.454545454545454
dd533b429f380718b70ad9922c294bae,43,2244.88,3.86046511627907,0.11627906976744186,16.325581395348838,11.627906976744185
dd55f1bb788714a40e7954c3be6df745,37,7041.759999999999,3.810810810810811,0.16216216216216217,18.2972972972973,16.216216216216218
dd7ddc04e1b6c2c614352b383efe2d36,142,9148.61,3.780141843971631,0.14788732394366197,14.352112676056338,14.788732394366196
ddd51ae8cda92f3995a51fc0f0f3eec7,25,842.6999999999999,4.6,0.0,6.44,0.0
de23c3b98a88888289c6f5cc1209054a,178,25933.670000000002,4.314606741573034,0.0898876404494382,10.314606741573034,8.98876404494382
de722cd6dad950a92b7d4f82673f8833,377,55126.3,4.167553191489362,0.03978779840848806,12.36339522546419,3.978779840848806
dee656f0f566ed1aa85bd137c943f08f,94,6212.08,4.382978723404255,0.05319148936170213,12.01063829787234,5.319148936170213
df560393f3a51e74553ab94004ba5c87,27,3429.78,3.925925925925926,0.07407407407407407,17.51851851851852,7.4074074074074066
df56d7b40d437f88407c5f78b63bc328,25,2791.28,3.88,0.04,11.72,4.0
dfa0c4c6229ab200a4a1336b4d7128ff,86,4777.1,4.011627906976744,0.03488372093023256,9.186046511627907,3.488372093023256
dfc475d54e1b6dbeeb7d7d9bdaa63827,20,1708.37,4.55,0.05,12.5,5.0
dfc5fb7259bb2b599ca565e6e9448f0f,34,6124.63,4.117647058823529,0.058823529411764705,13.970588235294118,5.88235294117647
e067ad2c1c0b48758eb1b5228bcf7a68,61,5042.55,4.131147540983607,0.08196721311475409,14.0,8.19672131147541
e06f09ec0a4aca210779cf1cfc63cf19,31,5279.49,4.032258064516129,0.06451612903225806,14.548387096774194,6.451612903225806
e0878efa0e0b7e5313ac0b43bc04c081,28,5025.4,3.5357142857142856,0.17857142857142858,17.714285714285715,17.857142857142858
e0a366315b1b726b6c7832d664c0f530,51,7400.09,4.333333333333333,0.0392156862745098,6.9411764705882355,3.9215686274509802
e21a1e8be4715b0fcfd5385643bc49c4,23,673.6999999999999,3.6956521739130435,0.0,16.130434782608695,0.0
e24d3429d294b2eb200b064ebb035879,22,1878.58,4.136363636363637,0.045454545454545456,7.318181818181818,4.545454545454546
e24fc9fcd865784fb25705606fe3dfe7,55,12768.0,4.181818181818182,0.07272727272727272,12.181818181818182,7.2727272727272725
e250d617a0ad591ba9bd663e584a895d,20,904.12,2.8,0.0,7.8,0.0
e26901d5ab434ce92fd9b5c256820a4e,215,11601.5,4.144186046511628,0.023255813953488372,8.78139534883721,2.3255813953488373
e2aee0892199b1d92530e371abd825bf,39,5392.77,3.8974358974358974,0.1282051282051282,14.564102564102564,12.82051282051282
e333046ce6517bd8bb510291d44f0130,74,7268.0,4.391891891891892,0.05405405405405406,9.554054054054054,5.405405405405405
e38db885400cd35c71dfd162f2c1dbcf,32,2066.8,4.5,0.125,12.21875,12.5
e48b04bf1aa1ef711caebeb7aede6180,25,3187.1000000000004,4.48,0.0,10.12,0.0
e49c26c3edfa46d227d5121a6b6e4d37,35,3624.35,4.514285714285714,0.0,11.114285714285714,0.0
e59aa562b9f8076dd550fcddf0e73491,82,30716.3,4.329268292682927,0.08536585365853659,13.304878048780488,8.536585365853659
e5a3438891c0bfdb9394643f95273d8e,247,7549.96,3.8938775510204082,0.18218623481781376,14.902834008097166,18.218623481781375
e5a38146df062edaf55c38afa99e42dc,124,15270.89,3.967479674796748,0.08870967741935484,11.766129032258064,8.870967741935484
e5e33c0d8e7e002f398f5dc4cbbb338f,27,6494.9,4.592592592592593,0.1111111111111111,11.407407407407407,11.11111111111111
e62b2d6ac10570a035a30bafcf01d263,71,5340.39,3.8333333333333335,0.15492957746478872,14.267605633802816,15.492957746478872
e63e8bfa530fb16910dd6956e592bb81,42,1282.8,4.333333333333333,0.047619047619047616,8.880952380952381,4.761904761904762
e6a69c4a27dfdd98ffe5aa757ad744bc,23,508.51,4.304347826086956,0.0,9.782608695652174,0.0
e7d5b006eb624f13074497221eb37807,63,3478.93,3.111111111111111,0.031746031746031744,10.53968253968254,3.1746031746031744
e7df4cd29ab5abab70fb0783ddb53987,24,9608.699999999999,4.291666666666667,0.16666666666666666,9.791666666666666,16.666666666666664
e84ad2127668df3aafc6b73531a0beb8,23,987.0,4.391304347826087,0.043478260869565216,9.217391304347826,4.3478260869565215
e882b2a25a10b9c057cc49695f222c19,58,51057.54,4.586206896551724,0.0,9.017241379310345,0.0
e883aa812c37a7413226856f4579fe91,29,4097.1,3.896551724137931,0.034482758620689655,9.551724137931034,3.4482758620689653
e89c4adbe7b1d0819dbb636e16461cf1,25,3181.3,3.88,0.12,14.32,12.0
e8b3a3a38279a82f0e5d006d5e5b7d2c,85,11762.4,3.929411764705882,0.047058823529411764,16.48235294117647,4.705882352941177
e8b4225284fbb02d16f200513f1f395d,30,5638.62,4.3,0.1,9.666666666666666,10.0
e8f6dc8e6a1dcde89d20e3995c8d90b3,44,2148.7400000000002,3.5681818181818183,0.06818181818181818,12.318181818181818,6.8181818181818175
e9511df20ccd82658a30c37b7fb343af,30,2096.6,4.466666666666667,0.0,9.133333333333333,0.0
e96498ed8daaa3e9c23f7a62da76591c,34,9619.09,3.9411764705882355,0.14705882352941177,14.735294117647058,14.705882352941178
e9779976487b77c6d4ac45f75ec7afe9,738,42229.69,4.204081632653061,0.07452574525745258,9.387533875338754,7.452574525745257
e99e927c81e3f51739c94fcdfca9f10f,24,2597.85,3.625,0.16666666666666666,13.583333333333334,16.666666666666664
e9bc59e7b60fc3063eb2290deda4cced,260,33543.69,4.0346153846153845,0.12692307692307692,14.103846153846154,12.692307692307692
e9d99831abad74458942f21e16f33f92,149,4922.4800000000005,3.9054054054054053,0.10067114093959731,12.114093959731544,10.06711409395973
ea566164622c6b439516ab18062c42cd,52,10309.42,3.75,0.23076923076923078,13.807692307692308,23.076923076923077
ea67327e24487bdfac5fbfa37ea124df,34,6250.18,3.5588235294117645,0.029411764705882353,8.117647058823529,2.941176470588235
ea8482cd71df3c1969d7b9473ff13abc,1188,36696.76,3.983065198983912,0.10353535353535354,12.8510101010101,10.353535353535353
eb5b6204dde3a6e03b5f1bb8479f055b,21,452.2,3.857142857142857,0.047619047619047616,10.19047619047619,4.761904761904762
ebd2d60905fb58271facef5596b620d3,85,7713.02,4.235294117647059,0.03529411764705882,12.388235294117647,3.5294117647058822
ec4608a1f76453166bb312b2968aeaf4,29,968.81,3.0344827586206895,0.20689655172413793,13.620689655172415,20.689655172413794
ec8879960bd2221d5c32f8e12f7da711,35,3957.5,4.294117647058823,0.17142857142857143,16.057142857142857,17.142857142857142
ececbfcff9804a2d6b40f589df8eef2b,103,6714.15,4.116504854368932,0.0970873786407767,12.62135922330097,9.70873786407767
ed4311e67debd72b8610a5347a743087,26,3636.0,4.48,0.07692307692307693,7.576923076923077,7.6923076923076925
ed4acab38528488b65a9a9c603ff024a,40,12759.45,3.725,0.025,8.717948717948717,2.5
edb1ef5e36e0c8cd84eb3c9b003e486d,174,79144.9,4.454022988505747,0.07471264367816093,11.25287356321839,7.471264367816093
ede0c03645598cdfc63ca8237acbe73d,47,2352.15,3.6666666666666665,0.3404255319148936,18.04255319148936,34.04255319148936
edf96ef93ed595084bbcbd9224bd2894,28,3757.0,3.7857142857142856,0.10714285714285714,13.071428571428571,10.714285714285714
eeb6de78f79159600292e314a77cbd18,83,43510.84,4.421686746987952,0.03614457831325301,11.590361445783133,3.614457831325301
eed78ac17f7f795a19a709745f00cd4e,56,4349.5,3.4107142857142856,0.0,9.410714285714286,0.0
ef0ace09169ac090589d85746e3e036f,139,16105.400000000001,4.366906474820144,0.07913669064748201,12.093525179856115,7.913669064748201
ef2fbc2b607d8492bcffe657a4645434,21,920.9,4.0476190476190474,0.09523809523809523,6.571428571428571,9.523809523809524
ef506c96320abeedfb894c34db06f478,332,9556.5,3.930091185410334,0.08734939759036145,12.792168674698795,8.734939759036145
ef990a83bbea832f36ebe81376335aa8,44,4642.59,3.659090909090909,0.25,16.454545454545453,25.0
efcd8d2104f1a05d028af7bad20d974b,50,2384.79,4.2,0.02,9.76,2.0
f00e21b1e91a79653163b7fd8f293ff1,31,3900.09,4.1,0.03225806451612903,12.516129032258064,3.225806451612903
f0837c8d71434931d9e38e7b79234797,23,3446.9,4.608695652173913,0.043478260869565216,11.217391304347826,4.3478260869565215
f08c008c8a8d31417763738a1788a2a8,21,1211.92,3.3,0.14285714285714285,18.714285714285715,14.285714285714285
f0b47fbbc6dee9aafe415a6e33051b3f,85,3766.92,4.258823529411765,0.09411764705882353,9.929411764705883,9.411764705882353
f125f3a310c2e5f822d116147de1e474,22,2761.4,4.363636363636363,0.09090909090909091,13.772727272727273,9.090909090909092
f12ff17ad8bbf01ec5c33b17e506649b,28,6101.0,3.857142857142857,0.10714285714285714,13.321428571428571,10.714285714285714
f181738b150df1f37cb0bd72e705b193,37,5529.7,4.486486486486487,0.10810810810810811,8.72972972972973,10.81081081081081
f214d28e8d8e3ef068748498ccc2f813,57,2152.43,4.125,0.07017543859649122,9.666666666666666,7.017543859649122
f262cbc1c910c83959f849465454ddd3,204,10199.86,4.1182266009852215,0.09313725490196079,8.504901960784315,9.313725490196079
f27e33c6d29b5138fa9967bcd445b6d5,98,8888.3,4.091836734693878,0.10204081632653061,12.061224489795919,10.204081632653061
f326006815956455b2859abd58fe7e39,30,3147.16,4.7,0.0,14.866666666666667,0.0
f3b80352b986ab4d1057a4b724be19d0,91,9815.1,4.164835164835165,0.0,10.087912087912088,0.0
f3da5b2ff499efb8d4a6d371d175d7dd,82,3540.89,3.9012345679012346,0.13414634146341464,10.878048780487806,13.414634146341465
f41ce2e25237f9092cd8e6e7516c7a2f,27,1961.9,4.444444444444445,0.0,8.11111111111111,0.0
f45122a9ab94eb4f3f8953578bc0c560,197,21764.68,3.9238578680203045,0.07106598984771574,11.949238578680204,7.1065989847715745
f457c46070d02cadd8a68551231220dd,230,18798.3,3.7991266375545854,0.06521739130434782,14.030434782608696,6.521739130434782
f46490624488d3ff7ce78613913a7711,87,5690.95,3.574712643678161,0.11494252873563218,9.586206896551724,11.494252873563218
f4aba7c0bca51484c30ab7bdc34bcdd1,115,2951.8999999999996,3.8956521739130436,0.06956521739130435,10.356521739130434,6.956521739130435
f4db9b37944bcb8873e6b456ee190bbf,22,3409.78,4.545454545454546,0.09090909090909091,12.863636363636363,9.090909090909092
f593898ec748b7a8cb81fc04edafd98a,22,2588.04,3.4545454545454546,0.18181818181818182,17.5,18.181818181818183
f5a590cf36251cf1162ea35bef76fe84,118,51232.78,4.279661016949152,0.1016949152542373,11.347457627118644,10.16949152542373
f615fe7efbef0f4f08fd3086bc7a3e60,23,2061.37,4.521739130434782,0.08695652173913043,7.217391304347826,8.695652173913043
f61c63d13f7cd800549d5acdd390ae72,26,3072.3,4.0,0.07692307692307693,11.384615384615385,7.6923076923076925
f62d7bb4a613ec758a03342d46b580b2,32,24665.0,4.375,0.125,13.4375,12.5
f63d8f293af3a6454377546bd9dd19ff,28,1751.82,3.8214285714285716,0.21428571428571427,17.821428571428573,21.428571428571427
f67efa3f0b6761102a7f8c6b7b571f5d,32,5188.68,4.4375,0.0,9.1875,0.0
f680f85bee2d253556ac91be391d2c82,54,5183.92,4.296296296296297,0.018518518518518517,9.907407407407407,1.8518518518518516
f7496d659ca9fdaf323c0aae84176632,26,4837.67,4.576923076923077,0.07692307692307693,12.0,7.6923076923076925
f76a3b1349b6df1ee875d1f3fa4340f0,24,4160.79,3.4583333333333335,0.375,16.666666666666668,37.5
f7720c4fa8e3aba4546301ab80ea1f1b,77,2043.55,4.233766233766234,0.03896103896103896,9.454545454545455,3.896103896103896
f789d2c4f2c2eb38fc4373e7a4b35264,49,4864.24,4.183673469387755,0.04081632653061224,10.387755102040817,4.081632653061225
f7ba60f8c3f99e7ee4042fdef03b70c4,229,68070.0,4.218340611353712,0.16593886462882096,12.668122270742359,16.593886462882097
f7ccf836d21b2fb1de37564105216cc1,73,2748.4,3.859154929577465,0.0958904109589041,10.643835616438356,9.58904109589041
f80edd2c5aaa505cc4b0a3b219abf4b8,125,8855.5,4.137096774193548,0.064,11.656,6.4
f84a00e60c73a49e7e851c9bdca3a5bb,97,5849.24,3.7216494845360826,0.10309278350515463,10.77319587628866,10.309278350515463
f84fa566034f5e8e880a07ec624c56af,100,4993.91,4.3,0.12,11.07,12.0
f8db351d8c4c4c22c6835c19a46f01b0,714,50082.6,4.251758087201125,0.058823529411764705,9.431372549019608,5.88235294117647
f918546be4bec7104d117789ba758b2b,23,1483.0,3.8260869565217392,0.17391304347826086,11.521739130434783,17.391304347826086
f9244d45189d3a3605499abddeade7d5,20,15081.439999999999,4.35,0.0,14.6,0.0
f97e2b0650c2068227e1d366140eb62f,21,3654.0,3.65,0.047619047619047616,13.666666666666666,4.761904761904762
fa1a9dec3a9940c072684a46728bf1fc,60,6674.0,3.983050847457627,0.0,14.1,0.0
fa1c13f2614d7b5c4749cbc52fecda94,579,190917.13999999998,4.373913043478261,0.10189982728842832,12.839378238341968,10.189982728842832
fa40cc5b934574b62717c68f3d678b6d,337,15900.48,4.446428571428571,0.05934718100890208,10.691394658753708,5.934718100890208
fad44952713764836814be105382aee5,32,5129.0,4.28125,0.03125,10.28125,3.125
fb89df7f89fd1b8f03fa2acca1ba7364,25,2220.0,3.84,0.08,15.04,8.0
fc906263ca5083d09dce42fe02247800,117,4417.9,4.410256410256411,0.0,8.914529914529915,0.0
fcb5ace8bcc92f75707dc0f01a27d269,70,8009.35,3.898550724637681,0.02857142857142857,9.942857142857143,2.857142857142857
fcdd820084f17e9982427971e4e9d47f,27,4783.99,3.259259259259259,0.07407407407407407,10.74074074074074,7.4074074074074066
fd386aa7bed2af3c7035c65506c9b4a3,76,2304.15,4.355263157894737,0.10526315789473684,7.828947368421052,10.526315789473683
fdb9095204a334cd8872252ffec6f2db,61,8156.0,4.147540983606557,0.04918032786885246,8.37704918032787,4.918032786885246
fde0cc9ea29c8ccfc0a2c22256a58c71,35,3922.0,4.485714285714286,0.02857142857142857,8.17142857142857,2.857142857142857
fe2032dab1a61af8794248c8196565c9,305,65689.71,4.395348837209302,0.08524590163934426,10.118032786885246,8.524590163934425
febab0275244b9a49a623f0bd613ca2f,126,7094.82,4.317460317460317,0.03968253968253968,7.650793650793651,3.968253968253968
ff063b022a9a0aab91bad2c9088760b7,96,12076.5,4.28421052631579,0.03125,8.927083333333334,3.125
ff1fb4c404b2efe68b03350a8dc24122,49,6771.0,4.061224489795919,0.14285714285714285,9.489795918367347,14.285714285714285
ff69aa92bb6b1bf9b8b7a51c2ed9cf8b,20,21940.8,3.65,0.25,11.0,25.0
ffc470761de7d0232558ba5e786e57b7,30,1529.13,4.3,0.06666666666666667,9.6,6.666666666666667
ffdd9f82b9a447f6f8d4b91554cc7dd3,20,2101.2,4.25,0.0,9.8,0.0
fffd5413c0700ac820c7069d66d98c89,58,8535.0,3.912280701754386,0.13793103448275862,13.327586206896552,13.793103448275861
